Periodo,Indicador,Área geográfica,DATA
1993 Ene,"Indicadores económicos de coyuntura > Indicador global de la actividad económica, base 2018 > Series originales > Índice de volumen físico > Total (Índice base 2018=100) Mensual",0 Estados Unidos Mexicanos,55.43
1993 Feb,"Indicadores económicos de coyuntura > Indicador global de la actividad económica, base 2018 > Series originales > Índice de volumen físico > Total (Índice base 2018=100) Mensual",0 Estados Unidos Mexicanos,56.46
1993 Mar,"Indicadores económicos de coyuntura > Indicador global de la actividad económica, base 2018 > Series originales > Índice de volumen físico > Total (Índice base 2018=100) Mensual",0 Estados Unidos Mexicanos,58.9
1993 Abr,"Indicadores económicos de coyuntura > Indicador global de la actividad económica, base 2018 > Series originales > Índice de volumen físico > Total (Índice base 2018=100) Mensual",0 Estados Unidos Mexicanos,57.14
1993 May,"Indicadores económicos de coyuntura > Indicador global de la actividad económica, base 2018 > Series originales > Índice de volumen físico > Total (Índice base 2018=100) Mensual",0 Estados Unidos Mexicanos,57.89
1993 Jun,"Indicadores económicos de coyuntura > Indicador global de la actividad económica, base 2018 > Series originales > Índice de volumen físico > Total (Índice base 2018=100) Mensual",0 Estados Unidos Mexicanos,57.48
1993 Jul,"Indicadores económicos de coyuntura > Indicador global de la actividad económica, base 2018 > Series originales > Índice de volumen físico > Total (Índice base 2018=100) Mensual",0 Estados Unidos Mexicanos,57.9
1993 Ago,"Indicadores económicos de coyuntura > Indicador global de la actividad económica, base 2018 > Series originales > Índice de volumen físico > Total (Índice base 2018=100) Mensual",0 Estados Unidos Mexicanos,57.12
1993 Sep,"Indicadores económicos de coyuntura > Indicador global de la actividad económica, base 2018 > Series originales > Índice de volumen físico > Total (Índice base 2018=100) Mensual",0 Estados Unidos Mexicanos,58.48
1993 Oct,"Indicadores económicos de coyuntura > Indicador global de la actividad económica, base 2018 > Series originales > Índice de volumen físico > Total (Índice base 2018=100) Mensual",0 Estados Unidos Mexicanos,57.58
1993 Nov,"Indicadores económicos de coyuntura > Indicador global de la actividad económica, base 2018 > Series originales > Índice de volumen físico > Total (Índice base 2018=100) Mensual",0 Estados Unidos Mexicanos,57.76
1993 Dic,"Indicadores económicos de coyuntura > Indicador global de la actividad económica, base 2018 > Series originales > Índice de volumen físico > Total (Índice base 2018=100) Mensual",0 Estados Unidos Mexicanos,60.32
1994 Ene,"Indicadores económicos de coyuntura > Indicador global de la actividad económica, base 2018 > Series originales > Índice de volumen físico > Total (Índice base 2018=100) Mensual",0 Estados Unidos Mexicanos,57.73
1994 Feb,"Indicadores económicos de coyuntura > Indicador global de la actividad económica, base 2018 > Series originales > Índice de volumen físico > Total (Índice base 2018=100) Mensual",0 Estados Unidos Mexicanos,57.41
1994 Mar,"Indicadores económicos de coyuntura > Indicador global de la actividad económica, base 2018 > Series originales > Índice de volumen físico > Total (Índice base 2018=100) Mensual",0 Estados Unidos Mexicanos,59.74
1994 Abr,"Indicadores económicos de coyuntura > Indicador global de la actividad económica, base 2018 > Series originales > Índice de volumen físico > Total (Índice base 2018=100) Mensual",0 Estados Unidos Mexicanos,60.61
1994 May,"Indicadores económicos de coyuntura > Indicador global de la actividad económica, base 2018 > Series originales > Índice de volumen físico > Total (Índice base 2018=100) Mensual",0 Estados Unidos Mexicanos,60.69
1994 Jun,"Indicadores económicos de coyuntura > Indicador global de la actividad económica, base 2018 > Series originales > Índice de volumen físico > Total (Índice base 2018=100) Mensual",0 Estados Unidos Mexicanos,60.47
1994 Jul,"Indicadores económicos de coyuntura > Indicador global de la actividad económica, base 2018 > Series originales > Índice de volumen físico > Total (Índice base 2018=100) Mensual",0 Estados Unidos Mexicanos,58.96
1994 Ago,"Indicadores económicos de coyuntura > Indicador global de la actividad económica, base 2018 > Series originales > Índice de volumen físico > Total (Índice base 2018=100) Mensual",0 Estados Unidos Mexicanos,60.07
1994 Sep,"Indicadores económicos de coyuntura > Indicador global de la actividad económica, base 2018 > Series originales > Índice de volumen físico > Total (Índice base 2018=100) Mensual",0 Estados Unidos Mexicanos,61.57
1994 Oct,"Indicadores económicos de coyuntura > Indicador global de la actividad económica, base 2018 > Series originales > Índice de volumen físico > Total (Índice base 2018=100) Mensual",0 Estados Unidos Mexicanos,60.76
1994 Nov,"Indicadores económicos de coyuntura > Indicador global de la actividad económica, base 2018 > Series originales > Índice de volumen físico > Total (Índice base 2018=100) Mensual",0 Estados Unidos Mexicanos,61.71
1994 Dic,"Indicadores económicos de coyuntura > Indicador global de la actividad económica, base 2018 > Series originales > Índice de volumen físico > Total (Índice base 2018=100) Mensual",0 Estados Unidos Mexicanos,62.34
1995 Ene,"Indicadores económicos de coyuntura > Indicador global de la actividad económica, base 2018 > Series originales > Índice de volumen físico > Total (Índice base 2018=100) Mensual",0 Estados Unidos Mexicanos,60.28
1995 Feb,"Indicadores económicos de coyuntura > Indicador global de la actividad económica, base 2018 > Series originales > Índice de volumen físico > Total (Índice base 2018=100) Mensual",0 Estados Unidos Mexicanos,55.69
1995 Mar,"Indicadores económicos de coyuntura > Indicador global de la actividad económica, base 2018 > Series originales > Índice de volumen físico > Total (Índice base 2018=100) Mensual",0 Estados Unidos Mexicanos,57.82
1995 Abr,"Indicadores económicos de coyuntura > Indicador global de la actividad económica, base 2018 > Series originales > Índice de volumen físico > Total (Índice base 2018=100) Mensual",0 Estados Unidos Mexicanos,53.94
1995 May,"Indicadores económicos de coyuntura > Indicador global de la actividad económica, base 2018 > Series originales > Índice de volumen físico > Total (Índice base 2018=100) Mensual",0 Estados Unidos Mexicanos,55.5
1995 Jun,"Indicadores económicos de coyuntura > Indicador global de la actividad económica, base 2018 > Series originales > Índice de volumen físico > Total (Índice base 2018=100) Mensual",0 Estados Unidos Mexicanos,55.58
1995 Jul,"Indicadores económicos de coyuntura > Indicador global de la actividad económica, base 2018 > Series originales > Índice de volumen físico > Total (Índice base 2018=100) Mensual",0 Estados Unidos Mexicanos,54.66
1995 Ago,"Indicadores económicos de coyuntura > Indicador global de la actividad económica, base 2018 > Series originales > Índice de volumen físico > Total (Índice base 2018=100) Mensual",0 Estados Unidos Mexicanos,55.83
1995 Sep,"Indicadores económicos de coyuntura > Indicador global de la actividad económica, base 2018 > Series originales > Índice de volumen físico > Total (Índice base 2018=100) Mensual",0 Estados Unidos Mexicanos,56.93
1995 Oct,"Indicadores económicos de coyuntura > Indicador global de la actividad económica, base 2018 > Series originales > Índice de volumen físico > Total (Índice base 2018=100) Mensual",0 Estados Unidos Mexicanos,55.49
1995 Nov,"Indicadores económicos de coyuntura > Indicador global de la actividad económica, base 2018 > Series originales > Índice de volumen físico > Total (Índice base 2018=100) Mensual",0 Estados Unidos Mexicanos,57.58
1995 Dic,"Indicadores económicos de coyuntura > Indicador global de la actividad económica, base 2018 > Series originales > Índice de volumen físico > Total (Índice base 2018=100) Mensual",0 Estados Unidos Mexicanos,60.1
1996 Ene,"Indicadores económicos de coyuntura > Indicador global de la actividad económica, base 2018 > Series originales > Índice de volumen físico > Total (Índice base 2018=100) Mensual",0 Estados Unidos Mexicanos,59.12
1996 Feb,"Indicadores económicos de coyuntura > Indicador global de la actividad económica, base 2018 > Series originales > Índice de volumen físico > Total (Índice base 2018=100) Mensual",0 Estados Unidos Mexicanos,58
1996 Mar,"Indicadores económicos de coyuntura > Indicador global de la actividad económica, base 2018 > Series originales > Índice de volumen físico > Total (Índice base 2018=100) Mensual",0 Estados Unidos Mexicanos,59.42
1996 Abr,"Indicadores económicos de coyuntura > Indicador global de la actividad económica, base 2018 > Series originales > Índice de volumen físico > Total (Índice base 2018=100) Mensual",0 Estados Unidos Mexicanos,58.28
1996 May,"Indicadores económicos de coyuntura > Indicador global de la actividad económica, base 2018 > Series originales > Índice de volumen físico > Total (Índice base 2018=100) Mensual",0 Estados Unidos Mexicanos,60.55
1996 Jun,"Indicadores económicos de coyuntura > Indicador global de la actividad económica, base 2018 > Series originales > Índice de volumen físico > Total (Índice base 2018=100) Mensual",0 Estados Unidos Mexicanos,59.59
1996 Jul,"Indicadores económicos de coyuntura > Indicador global de la actividad económica, base 2018 > Series originales > Índice de volumen físico > Total (Índice base 2018=100) Mensual",0 Estados Unidos Mexicanos,60.15
1996 Ago,"Indicadores económicos de coyuntura > Indicador global de la actividad económica, base 2018 > Series originales > Índice de volumen físico > Total (Índice base 2018=100) Mensual",0 Estados Unidos Mexicanos,59.57
1996 Sep,"Indicadores económicos de coyuntura > Indicador global de la actividad económica, base 2018 > Series originales > Índice de volumen físico > Total (Índice base 2018=100) Mensual",0 Estados Unidos Mexicanos,60.49
1996 Oct,"Indicadores económicos de coyuntura > Indicador global de la actividad económica, base 2018 > Series originales > Índice de volumen físico > Total (Índice base 2018=100) Mensual",0 Estados Unidos Mexicanos,61.88
1996 Nov,"Indicadores económicos de coyuntura > Indicador global de la actividad económica, base 2018 > Series originales > Índice de volumen físico > Total (Índice base 2018=100) Mensual",0 Estados Unidos Mexicanos,62.32
1996 Dic,"Indicadores económicos de coyuntura > Indicador global de la actividad económica, base 2018 > Series originales > Índice de volumen físico > Total (Índice base 2018=100) Mensual",0 Estados Unidos Mexicanos,63.35
1997 Ene,"Indicadores económicos de coyuntura > Indicador global de la actividad económica, base 2018 > Series originales > Índice de volumen físico > Total (Índice base 2018=100) Mensual",0 Estados Unidos Mexicanos,61.99
1997 Feb,"Indicadores económicos de coyuntura > Indicador global de la actividad económica, base 2018 > Series originales > Índice de volumen físico > Total (Índice base 2018=100) Mensual",0 Estados Unidos Mexicanos,60.62
1997 Mar,"Indicadores económicos de coyuntura > Indicador global de la actividad económica, base 2018 > Series originales > Índice de volumen físico > Total (Índice base 2018=100) Mensual",0 Estados Unidos Mexicanos,61.06
1997 Abr,"Indicadores económicos de coyuntura > Indicador global de la actividad económica, base 2018 > Series originales > Índice de volumen físico > Total (Índice base 2018=100) Mensual",0 Estados Unidos Mexicanos,64.52
1997 May,"Indicadores económicos de coyuntura > Indicador global de la actividad económica, base 2018 > Series originales > Índice de volumen físico > Total (Índice base 2018=100) Mensual",0 Estados Unidos Mexicanos,64.67
1997 Jun,"Indicadores económicos de coyuntura > Indicador global de la actividad económica, base 2018 > Series originales > Índice de volumen físico > Total (Índice base 2018=100) Mensual",0 Estados Unidos Mexicanos,64.25
1997 Jul,"Indicadores económicos de coyuntura > Indicador global de la actividad económica, base 2018 > Series originales > Índice de volumen físico > Total (Índice base 2018=100) Mensual",0 Estados Unidos Mexicanos,64.76
1997 Ago,"Indicadores económicos de coyuntura > Indicador global de la actividad económica, base 2018 > Series originales > Índice de volumen físico > Total (Índice base 2018=100) Mensual",0 Estados Unidos Mexicanos,63.99
1997 Sep,"Indicadores económicos de coyuntura > Indicador global de la actividad económica, base 2018 > Series originales > Índice de volumen físico > Total (Índice base 2018=100) Mensual",0 Estados Unidos Mexicanos,66.17
1997 Oct,"Indicadores económicos de coyuntura > Indicador global de la actividad económica, base 2018 > Series originales > Índice de volumen físico > Total (Índice base 2018=100) Mensual",0 Estados Unidos Mexicanos,67.1
1997 Nov,"Indicadores económicos de coyuntura > Indicador global de la actividad económica, base 2018 > Series originales > Índice de volumen físico > Total (Índice base 2018=100) Mensual",0 Estados Unidos Mexicanos,66.53
1997 Dic,"Indicadores económicos de coyuntura > Indicador global de la actividad económica, base 2018 > Series originales > Índice de volumen físico > Total (Índice base 2018=100) Mensual",0 Estados Unidos Mexicanos,68.13
1998 Ene,"Indicadores económicos de coyuntura > Indicador global de la actividad económica, base 2018 > Series originales > Índice de volumen físico > Total (Índice base 2018=100) Mensual",0 Estados Unidos Mexicanos,66.71
1998 Feb,"Indicadores económicos de coyuntura > Indicador global de la actividad económica, base 2018 > Series originales > Índice de volumen físico > Total (Índice base 2018=100) Mensual",0 Estados Unidos Mexicanos,66.24
1998 Mar,"Indicadores económicos de coyuntura > Indicador global de la actividad económica, base 2018 > Series originales > Índice de volumen físico > Total (Índice base 2018=100) Mensual",0 Estados Unidos Mexicanos,69.45
1998 Abr,"Indicadores económicos de coyuntura > Indicador global de la actividad económica, base 2018 > Series originales > Índice de volumen físico > Total (Índice base 2018=100) Mensual",0 Estados Unidos Mexicanos,67.72
1998 May,"Indicadores económicos de coyuntura > Indicador global de la actividad económica, base 2018 > Series originales > Índice de volumen físico > Total (Índice base 2018=100) Mensual",0 Estados Unidos Mexicanos,68.82
1998 Jun,"Indicadores económicos de coyuntura > Indicador global de la actividad económica, base 2018 > Series originales > Índice de volumen físico > Total (Índice base 2018=100) Mensual",0 Estados Unidos Mexicanos,68.48
1998 Jul,"Indicadores económicos de coyuntura > Indicador global de la actividad económica, base 2018 > Series originales > Índice de volumen físico > Total (Índice base 2018=100) Mensual",0 Estados Unidos Mexicanos,69
1998 Ago,"Indicadores económicos de coyuntura > Indicador global de la actividad económica, base 2018 > Series originales > Índice de volumen físico > Total (Índice base 2018=100) Mensual",0 Estados Unidos Mexicanos,67.75
1998 Sep,"Indicadores económicos de coyuntura > Indicador global de la actividad económica, base 2018 > Series originales > Índice de volumen físico > Total (Índice base 2018=100) Mensual",0 Estados Unidos Mexicanos,69.8
1998 Oct,"Indicadores económicos de coyuntura > Indicador global de la actividad económica, base 2018 > Series originales > Índice de volumen físico > Total (Índice base 2018=100) Mensual",0 Estados Unidos Mexicanos,68.82
1998 Nov,"Indicadores económicos de coyuntura > Indicador global de la actividad económica, base 2018 > Series originales > Índice de volumen físico > Total (Índice base 2018=100) Mensual",0 Estados Unidos Mexicanos,68.31
1998 Dic,"Indicadores económicos de coyuntura > Indicador global de la actividad económica, base 2018 > Series originales > Índice de volumen físico > Total (Índice base 2018=100) Mensual",0 Estados Unidos Mexicanos,70.05
1999 Ene,"Indicadores económicos de coyuntura > Indicador global de la actividad económica, base 2018 > Series originales > Índice de volumen físico > Total (Índice base 2018=100) Mensual",0 Estados Unidos Mexicanos,68.31
1999 Feb,"Indicadores económicos de coyuntura > Indicador global de la actividad económica, base 2018 > Series originales > Índice de volumen físico > Total (Índice base 2018=100) Mensual",0 Estados Unidos Mexicanos,67.57
1999 Mar,"Indicadores económicos de coyuntura > Indicador global de la actividad económica, base 2018 > Series originales > Índice de volumen físico > Total (Índice base 2018=100) Mensual",0 Estados Unidos Mexicanos,71.24
1999 Abr,"Indicadores económicos de coyuntura > Indicador global de la actividad económica, base 2018 > Series originales > Índice de volumen físico > Total (Índice base 2018=100) Mensual",0 Estados Unidos Mexicanos,69.06
1999 May,"Indicadores económicos de coyuntura > Indicador global de la actividad económica, base 2018 > Series originales > Índice de volumen físico > Total (Índice base 2018=100) Mensual",0 Estados Unidos Mexicanos,70.35
1999 Jun,"Indicadores económicos de coyuntura > Indicador global de la actividad económica, base 2018 > Series originales > Índice de volumen físico > Total (Índice base 2018=100) Mensual",0 Estados Unidos Mexicanos,70.28
1999 Jul,"Indicadores económicos de coyuntura > Indicador global de la actividad económica, base 2018 > Series originales > Índice de volumen físico > Total (Índice base 2018=100) Mensual",0 Estados Unidos Mexicanos,70.44
1999 Ago,"Indicadores económicos de coyuntura > Indicador global de la actividad económica, base 2018 > Series originales > Índice de volumen físico > Total (Índice base 2018=100) Mensual",0 Estados Unidos Mexicanos,69.8
1999 Sep,"Indicadores económicos de coyuntura > Indicador global de la actividad económica, base 2018 > Series originales > Índice de volumen físico > Total (Índice base 2018=100) Mensual",0 Estados Unidos Mexicanos,72.36
1999 Oct,"Indicadores económicos de coyuntura > Indicador global de la actividad económica, base 2018 > Series originales > Índice de volumen físico > Total (Índice base 2018=100) Mensual",0 Estados Unidos Mexicanos,70.44
1999 Nov,"Indicadores económicos de coyuntura > Indicador global de la actividad económica, base 2018 > Series originales > Índice de volumen físico > Total (Índice base 2018=100) Mensual",0 Estados Unidos Mexicanos,71.27
1999 Dic,"Indicadores económicos de coyuntura > Indicador global de la actividad económica, base 2018 > Series originales > Índice de volumen físico > Total (Índice base 2018=100) Mensual",0 Estados Unidos Mexicanos,72.42
2000 Ene,"Indicadores económicos de coyuntura > Indicador global de la actividad económica, base 2018 > Series originales > Índice de volumen físico > Total (Índice base 2018=100) Mensual",0 Estados Unidos Mexicanos,71.99
2000 Feb,"Indicadores económicos de coyuntura > Indicador global de la actividad económica, base 2018 > Series originales > Índice de volumen físico > Total (Índice base 2018=100) Mensual",0 Estados Unidos Mexicanos,72.25
2000 Mar,"Indicadores económicos de coyuntura > Indicador global de la actividad económica, base 2018 > Series originales > Índice de volumen físico > Total (Índice base 2018=100) Mensual",0 Estados Unidos Mexicanos,74.65
2000 Abr,"Indicadores económicos de coyuntura > Indicador global de la actividad económica, base 2018 > Series originales > Índice de volumen físico > Total (Índice base 2018=100) Mensual",0 Estados Unidos Mexicanos,71.37
2000 May,"Indicadores económicos de coyuntura > Indicador global de la actividad económica, base 2018 > Series originales > Índice de volumen físico > Total (Índice base 2018=100) Mensual",0 Estados Unidos Mexicanos,75.42
2000 Jun,"Indicadores económicos de coyuntura > Indicador global de la actividad económica, base 2018 > Series originales > Índice de volumen físico > Total (Índice base 2018=100) Mensual",0 Estados Unidos Mexicanos,74.95
2000 Jul,"Indicadores económicos de coyuntura > Indicador global de la actividad económica, base 2018 > Series originales > Índice de volumen físico > Total (Índice base 2018=100) Mensual",0 Estados Unidos Mexicanos,74.03
2000 Ago,"Indicadores económicos de coyuntura > Indicador global de la actividad económica, base 2018 > Series originales > Índice de volumen físico > Total (Índice base 2018=100) Mensual",0 Estados Unidos Mexicanos,74.84
2000 Sep,"Indicadores económicos de coyuntura > Indicador global de la actividad económica, base 2018 > Series originales > Índice de volumen físico > Total (Índice base 2018=100) Mensual",0 Estados Unidos Mexicanos,75.72
2000 Oct,"Indicadores económicos de coyuntura > Indicador global de la actividad económica, base 2018 > Series originales > Índice de volumen físico > Total (Índice base 2018=100) Mensual",0 Estados Unidos Mexicanos,74.41
2000 Nov,"Indicadores económicos de coyuntura > Indicador global de la actividad económica, base 2018 > Series originales > Índice de volumen físico > Total (Índice base 2018=100) Mensual",0 Estados Unidos Mexicanos,74.32
2000 Dic,"Indicadores económicos de coyuntura > Indicador global de la actividad económica, base 2018 > Series originales > Índice de volumen físico > Total (Índice base 2018=100) Mensual",0 Estados Unidos Mexicanos,73.08
2001 Ene,"Indicadores económicos de coyuntura > Indicador global de la actividad económica, base 2018 > Series originales > Índice de volumen físico > Total (Índice base 2018=100) Mensual",0 Estados Unidos Mexicanos,73.6
2001 Feb,"Indicadores económicos de coyuntura > Indicador global de la actividad económica, base 2018 > Series originales > Índice de volumen físico > Total (Índice base 2018=100) Mensual",0 Estados Unidos Mexicanos,71.05
2001 Mar,"Indicadores económicos de coyuntura > Indicador global de la actividad económica, base 2018 > Series originales > Índice de volumen físico > Total (Índice base 2018=100) Mensual",0 Estados Unidos Mexicanos,74.4
2001 Abr,"Indicadores económicos de coyuntura > Indicador global de la actividad económica, base 2018 > Series originales > Índice de volumen físico > Total (Índice base 2018=100) Mensual",0 Estados Unidos Mexicanos,71.92
2001 May,"Indicadores económicos de coyuntura > Indicador global de la actividad económica, base 2018 > Series originales > Índice de volumen físico > Total (Índice base 2018=100) Mensual",0 Estados Unidos Mexicanos,74.86
2001 Jun,"Indicadores económicos de coyuntura > Indicador global de la actividad económica, base 2018 > Series originales > Índice de volumen físico > Total (Índice base 2018=100) Mensual",0 Estados Unidos Mexicanos,73.79
2001 Jul,"Indicadores económicos de coyuntura > Indicador global de la actividad económica, base 2018 > Series originales > Índice de volumen físico > Total (Índice base 2018=100) Mensual",0 Estados Unidos Mexicanos,72.89
2001 Ago,"Indicadores económicos de coyuntura > Indicador global de la actividad económica, base 2018 > Series originales > Índice de volumen físico > Total (Índice base 2018=100) Mensual",0 Estados Unidos Mexicanos,74.04
2001 Sep,"Indicadores económicos de coyuntura > Indicador global de la actividad económica, base 2018 > Series originales > Índice de volumen físico > Total (Índice base 2018=100) Mensual",0 Estados Unidos Mexicanos,73.82
2001 Oct,"Indicadores económicos de coyuntura > Indicador global de la actividad económica, base 2018 > Series originales > Índice de volumen físico > Total (Índice base 2018=100) Mensual",0 Estados Unidos Mexicanos,73.41
2001 Nov,"Indicadores económicos de coyuntura > Indicador global de la actividad económica, base 2018 > Series originales > Índice de volumen físico > Total (Índice base 2018=100) Mensual",0 Estados Unidos Mexicanos,73.05
2001 Dic,"Indicadores económicos de coyuntura > Indicador global de la actividad económica, base 2018 > Series originales > Índice de volumen físico > Total (Índice base 2018=100) Mensual",0 Estados Unidos Mexicanos,72.29
2002 Ene,"Indicadores económicos de coyuntura > Indicador global de la actividad económica, base 2018 > Series originales > Índice de volumen físico > Total (Índice base 2018=100) Mensual",0 Estados Unidos Mexicanos,71.11
2002 Feb,"Indicadores económicos de coyuntura > Indicador global de la actividad económica, base 2018 > Series originales > Índice de volumen físico > Total (Índice base 2018=100) Mensual",0 Estados Unidos Mexicanos,68.97
2002 Mar,"Indicadores económicos de coyuntura > Indicador global de la actividad económica, base 2018 > Series originales > Índice de volumen físico > Total (Índice base 2018=100) Mensual",0 Estados Unidos Mexicanos,70.54
2002 Abr,"Indicadores económicos de coyuntura > Indicador global de la actividad económica, base 2018 > Series originales > Índice de volumen físico > Total (Índice base 2018=100) Mensual",0 Estados Unidos Mexicanos,74.86
2002 May,"Indicadores económicos de coyuntura > Indicador global de la actividad económica, base 2018 > Series originales > Índice de volumen físico > Total (Índice base 2018=100) Mensual",0 Estados Unidos Mexicanos,74.71
2002 Jun,"Indicadores económicos de coyuntura > Indicador global de la actividad económica, base 2018 > Series originales > Índice de volumen físico > Total (Índice base 2018=100) Mensual",0 Estados Unidos Mexicanos,72.86
2002 Jul,"Indicadores económicos de coyuntura > Indicador global de la actividad económica, base 2018 > Series originales > Índice de volumen físico > Total (Índice base 2018=100) Mensual",0 Estados Unidos Mexicanos,73.62
2002 Ago,"Indicadores económicos de coyuntura > Indicador global de la actividad económica, base 2018 > Series originales > Índice de volumen físico > Total (Índice base 2018=100) Mensual",0 Estados Unidos Mexicanos,73.89
2002 Sep,"Indicadores económicos de coyuntura > Indicador global de la actividad económica, base 2018 > Series originales > Índice de volumen físico > Total (Índice base 2018=100) Mensual",0 Estados Unidos Mexicanos,73.96
2002 Oct,"Indicadores económicos de coyuntura > Indicador global de la actividad económica, base 2018 > Series originales > Índice de volumen físico > Total (Índice base 2018=100) Mensual",0 Estados Unidos Mexicanos,74.95
2002 Nov,"Indicadores económicos de coyuntura > Indicador global de la actividad económica, base 2018 > Series originales > Índice de volumen físico > Total (Índice base 2018=100) Mensual",0 Estados Unidos Mexicanos,73.36
2002 Dic,"Indicadores económicos de coyuntura > Indicador global de la actividad económica, base 2018 > Series originales > Índice de volumen físico > Total (Índice base 2018=100) Mensual",0 Estados Unidos Mexicanos,73.87
2003 Ene,"Indicadores económicos de coyuntura > Indicador global de la actividad económica, base 2018 > Series originales > Índice de volumen físico > Total (Índice base 2018=100) Mensual",0 Estados Unidos Mexicanos,72.57
2003 Feb,"Indicadores económicos de coyuntura > Indicador global de la actividad económica, base 2018 > Series originales > Índice de volumen físico > Total (Índice base 2018=100) Mensual",0 Estados Unidos Mexicanos,70.94
2003 Mar,"Indicadores económicos de coyuntura > Indicador global de la actividad económica, base 2018 > Series originales > Índice de volumen físico > Total (Índice base 2018=100) Mensual",0 Estados Unidos Mexicanos,73.52
2003 Abr,"Indicadores económicos de coyuntura > Indicador global de la actividad económica, base 2018 > Series originales > Índice de volumen físico > Total (Índice base 2018=100) Mensual",0 Estados Unidos Mexicanos,73.56
2003 May,"Indicadores económicos de coyuntura > Indicador global de la actividad económica, base 2018 > Series originales > Índice de volumen físico > Total (Índice base 2018=100) Mensual",0 Estados Unidos Mexicanos,74.76
2003 Jun,"Indicadores económicos de coyuntura > Indicador global de la actividad económica, base 2018 > Series originales > Índice de volumen físico > Total (Índice base 2018=100) Mensual",0 Estados Unidos Mexicanos,74.31
2003 Jul,"Indicadores económicos de coyuntura > Indicador global de la actividad económica, base 2018 > Series originales > Índice de volumen físico > Total (Índice base 2018=100) Mensual",0 Estados Unidos Mexicanos,74.21
2003 Ago,"Indicadores económicos de coyuntura > Indicador global de la actividad económica, base 2018 > Series originales > Índice de volumen físico > Total (Índice base 2018=100) Mensual",0 Estados Unidos Mexicanos,72.62
2003 Sep,"Indicadores económicos de coyuntura > Indicador global de la actividad económica, base 2018 > Series originales > Índice de volumen físico > Total (Índice base 2018=100) Mensual",0 Estados Unidos Mexicanos,74.3
2003 Oct,"Indicadores económicos de coyuntura > Indicador global de la actividad económica, base 2018 > Series originales > Índice de volumen físico > Total (Índice base 2018=100) Mensual",0 Estados Unidos Mexicanos,74.78
2003 Nov,"Indicadores económicos de coyuntura > Indicador global de la actividad económica, base 2018 > Series originales > Índice de volumen físico > Total (Índice base 2018=100) Mensual",0 Estados Unidos Mexicanos,72.97
2003 Dic,"Indicadores económicos de coyuntura > Indicador global de la actividad económica, base 2018 > Series originales > Índice de volumen físico > Total (Índice base 2018=100) Mensual",0 Estados Unidos Mexicanos,76.16
2004 Ene,"Indicadores económicos de coyuntura > Indicador global de la actividad económica, base 2018 > Series originales > Índice de volumen físico > Total (Índice base 2018=100) Mensual",0 Estados Unidos Mexicanos,73.61
2004 Feb,"Indicadores económicos de coyuntura > Indicador global de la actividad económica, base 2018 > Series originales > Índice de volumen físico > Total (Índice base 2018=100) Mensual",0 Estados Unidos Mexicanos,72.56
2004 Mar,"Indicadores económicos de coyuntura > Indicador global de la actividad económica, base 2018 > Series originales > Índice de volumen físico > Total (Índice base 2018=100) Mensual",0 Estados Unidos Mexicanos,77.76
2004 Abr,"Indicadores económicos de coyuntura > Indicador global de la actividad económica, base 2018 > Series originales > Índice de volumen físico > Total (Índice base 2018=100) Mensual",0 Estados Unidos Mexicanos,76.01
2004 May,"Indicadores económicos de coyuntura > Indicador global de la actividad económica, base 2018 > Series originales > Índice de volumen físico > Total (Índice base 2018=100) Mensual",0 Estados Unidos Mexicanos,77
2004 Jun,"Indicadores económicos de coyuntura > Indicador global de la actividad económica, base 2018 > Series originales > Índice de volumen físico > Total (Índice base 2018=100) Mensual",0 Estados Unidos Mexicanos,77.97
2004 Jul,"Indicadores económicos de coyuntura > Indicador global de la actividad económica, base 2018 > Series originales > Índice de volumen físico > Total (Índice base 2018=100) Mensual",0 Estados Unidos Mexicanos,75.76
2004 Ago,"Indicadores económicos de coyuntura > Indicador global de la actividad económica, base 2018 > Series originales > Índice de volumen físico > Total (Índice base 2018=100) Mensual",0 Estados Unidos Mexicanos,75.86
2004 Sep,"Indicadores económicos de coyuntura > Indicador global de la actividad económica, base 2018 > Series originales > Índice de volumen físico > Total (Índice base 2018=100) Mensual",0 Estados Unidos Mexicanos,76.75
2004 Oct,"Indicadores económicos de coyuntura > Indicador global de la actividad económica, base 2018 > Series originales > Índice de volumen físico > Total (Índice base 2018=100) Mensual",0 Estados Unidos Mexicanos,76.54
2004 Nov,"Indicadores económicos de coyuntura > Indicador global de la actividad económica, base 2018 > Series originales > Índice de volumen físico > Total (Índice base 2018=100) Mensual",0 Estados Unidos Mexicanos,77.6
2004 Dic,"Indicadores económicos de coyuntura > Indicador global de la actividad económica, base 2018 > Series originales > Índice de volumen físico > Total (Índice base 2018=100) Mensual",0 Estados Unidos Mexicanos,78.61
2005 Ene,"Indicadores económicos de coyuntura > Indicador global de la actividad económica, base 2018 > Series originales > Índice de volumen físico > Total (Índice base 2018=100) Mensual",0 Estados Unidos Mexicanos,74.6
2005 Feb,"Indicadores económicos de coyuntura > Indicador global de la actividad económica, base 2018 > Series originales > Índice de volumen físico > Total (Índice base 2018=100) Mensual",0 Estados Unidos Mexicanos,73.88
2005 Mar,"Indicadores económicos de coyuntura > Indicador global de la actividad económica, base 2018 > Series originales > Índice de volumen físico > Total (Índice base 2018=100) Mensual",0 Estados Unidos Mexicanos,76.06
2005 Abr,"Indicadores económicos de coyuntura > Indicador global de la actividad económica, base 2018 > Series originales > Índice de volumen físico > Total (Índice base 2018=100) Mensual",0 Estados Unidos Mexicanos,79.22
2005 May,"Indicadores económicos de coyuntura > Indicador global de la actividad económica, base 2018 > Series originales > Índice de volumen físico > Total (Índice base 2018=100) Mensual",0 Estados Unidos Mexicanos,79.09
2005 Jun,"Indicadores económicos de coyuntura > Indicador global de la actividad económica, base 2018 > Series originales > Índice de volumen físico > Total (Índice base 2018=100) Mensual",0 Estados Unidos Mexicanos,78.09
2005 Jul,"Indicadores económicos de coyuntura > Indicador global de la actividad económica, base 2018 > Series originales > Índice de volumen físico > Total (Índice base 2018=100) Mensual",0 Estados Unidos Mexicanos,76.11
2005 Ago,"Indicadores económicos de coyuntura > Indicador global de la actividad económica, base 2018 > Series originales > Índice de volumen físico > Total (Índice base 2018=100) Mensual",0 Estados Unidos Mexicanos,78.5
2005 Sep,"Indicadores económicos de coyuntura > Indicador global de la actividad económica, base 2018 > Series originales > Índice de volumen físico > Total (Índice base 2018=100) Mensual",0 Estados Unidos Mexicanos,79.1
2005 Oct,"Indicadores económicos de coyuntura > Indicador global de la actividad económica, base 2018 > Series originales > Índice de volumen físico > Total (Índice base 2018=100) Mensual",0 Estados Unidos Mexicanos,78.97
2005 Nov,"Indicadores económicos de coyuntura > Indicador global de la actividad económica, base 2018 > Series originales > Índice de volumen físico > Total (Índice base 2018=100) Mensual",0 Estados Unidos Mexicanos,80.25
2005 Dic,"Indicadores económicos de coyuntura > Indicador global de la actividad económica, base 2018 > Series originales > Índice de volumen físico > Total (Índice base 2018=100) Mensual",0 Estados Unidos Mexicanos,81.09
2006 Ene,"Indicadores económicos de coyuntura > Indicador global de la actividad económica, base 2018 > Series originales > Índice de volumen físico > Total (Índice base 2018=100) Mensual",0 Estados Unidos Mexicanos,79.26
2006 Feb,"Indicadores económicos de coyuntura > Indicador global de la actividad económica, base 2018 > Series originales > Índice de volumen físico > Total (Índice base 2018=100) Mensual",0 Estados Unidos Mexicanos,76.81
2006 Mar,"Indicadores económicos de coyuntura > Indicador global de la actividad económica, base 2018 > Series originales > Índice de volumen físico > Total (Índice base 2018=100) Mensual",0 Estados Unidos Mexicanos,82.04
2006 Abr,"Indicadores económicos de coyuntura > Indicador global de la actividad económica, base 2018 > Series originales > Índice de volumen físico > Total (Índice base 2018=100) Mensual",0 Estados Unidos Mexicanos,79.67
2006 May,"Indicadores económicos de coyuntura > Indicador global de la actividad económica, base 2018 > Series originales > Índice de volumen físico > Total (Índice base 2018=100) Mensual",0 Estados Unidos Mexicanos,84.41
2006 Jun,"Indicadores económicos de coyuntura > Indicador global de la actividad económica, base 2018 > Series originales > Índice de volumen físico > Total (Índice base 2018=100) Mensual",0 Estados Unidos Mexicanos,83.28
2006 Jul,"Indicadores económicos de coyuntura > Indicador global de la actividad económica, base 2018 > Series originales > Índice de volumen físico > Total (Índice base 2018=100) Mensual",0 Estados Unidos Mexicanos,80.64
2006 Ago,"Indicadores económicos de coyuntura > Indicador global de la actividad económica, base 2018 > Series originales > Índice de volumen físico > Total (Índice base 2018=100) Mensual",0 Estados Unidos Mexicanos,82.41
2006 Sep,"Indicadores económicos de coyuntura > Indicador global de la actividad económica, base 2018 > Series originales > Índice de volumen físico > Total (Índice base 2018=100) Mensual",0 Estados Unidos Mexicanos,82.16
2006 Oct,"Indicadores económicos de coyuntura > Indicador global de la actividad económica, base 2018 > Series originales > Índice de volumen físico > Total (Índice base 2018=100) Mensual",0 Estados Unidos Mexicanos,83.53
2006 Nov,"Indicadores económicos de coyuntura > Indicador global de la actividad económica, base 2018 > Series originales > Índice de volumen físico > Total (Índice base 2018=100) Mensual",0 Estados Unidos Mexicanos,82.73
2006 Dic,"Indicadores económicos de coyuntura > Indicador global de la actividad económica, base 2018 > Series originales > Índice de volumen físico > Total (Índice base 2018=100) Mensual",0 Estados Unidos Mexicanos,82.53
2007 Ene,"Indicadores económicos de coyuntura > Indicador global de la actividad económica, base 2018 > Series originales > Índice de volumen físico > Total (Índice base 2018=100) Mensual",0 Estados Unidos Mexicanos,80.9
2007 Feb,"Indicadores económicos de coyuntura > Indicador global de la actividad económica, base 2018 > Series originales > Índice de volumen físico > Total (Índice base 2018=100) Mensual",0 Estados Unidos Mexicanos,78.35
2007 Mar,"Indicadores económicos de coyuntura > Indicador global de la actividad económica, base 2018 > Series originales > Índice de volumen físico > Total (Índice base 2018=100) Mensual",0 Estados Unidos Mexicanos,83.83
2007 Abr,"Indicadores económicos de coyuntura > Indicador global de la actividad económica, base 2018 > Series originales > Índice de volumen físico > Total (Índice base 2018=100) Mensual",0 Estados Unidos Mexicanos,81.97
2007 May,"Indicadores económicos de coyuntura > Indicador global de la actividad económica, base 2018 > Series originales > Índice de volumen físico > Total (Índice base 2018=100) Mensual",0 Estados Unidos Mexicanos,85.63
2007 Jun,"Indicadores económicos de coyuntura > Indicador global de la actividad económica, base 2018 > Series originales > Índice de volumen físico > Total (Índice base 2018=100) Mensual",0 Estados Unidos Mexicanos,84.99
2007 Jul,"Indicadores económicos de coyuntura > Indicador global de la actividad económica, base 2018 > Series originales > Índice de volumen físico > Total (Índice base 2018=100) Mensual",0 Estados Unidos Mexicanos,83.28
2007 Ago,"Indicadores económicos de coyuntura > Indicador global de la actividad económica, base 2018 > Series originales > Índice de volumen físico > Total (Índice base 2018=100) Mensual",0 Estados Unidos Mexicanos,84.28
2007 Sep,"Indicadores económicos de coyuntura > Indicador global de la actividad económica, base 2018 > Series originales > Índice de volumen físico > Total (Índice base 2018=100) Mensual",0 Estados Unidos Mexicanos,83.27
2007 Oct,"Indicadores económicos de coyuntura > Indicador global de la actividad económica, base 2018 > Series originales > Índice de volumen físico > Total (Índice base 2018=100) Mensual",0 Estados Unidos Mexicanos,86.59
2007 Nov,"Indicadores económicos de coyuntura > Indicador global de la actividad económica, base 2018 > Series originales > Índice de volumen físico > Total (Índice base 2018=100) Mensual",0 Estados Unidos Mexicanos,84.79
2007 Dic,"Indicadores económicos de coyuntura > Indicador global de la actividad económica, base 2018 > Series originales > Índice de volumen físico > Total (Índice base 2018=100) Mensual",0 Estados Unidos Mexicanos,83.55
2008 Ene,"Indicadores económicos de coyuntura > Indicador global de la actividad económica, base 2018 > Series originales > Índice de volumen físico > Total (Índice base 2018=100) Mensual",0 Estados Unidos Mexicanos,82.48
2008 Feb,"Indicadores económicos de coyuntura > Indicador global de la actividad económica, base 2018 > Series originales > Índice de volumen físico > Total (Índice base 2018=100) Mensual",0 Estados Unidos Mexicanos,81.22
2008 Mar,"Indicadores económicos de coyuntura > Indicador global de la actividad económica, base 2018 > Series originales > Índice de volumen físico > Total (Índice base 2018=100) Mensual",0 Estados Unidos Mexicanos,80.73
2008 Abr,"Indicadores económicos de coyuntura > Indicador global de la actividad económica, base 2018 > Series originales > Índice de volumen físico > Total (Índice base 2018=100) Mensual",0 Estados Unidos Mexicanos,86.8
2008 May,"Indicadores económicos de coyuntura > Indicador global de la actividad económica, base 2018 > Series originales > Índice de volumen físico > Total (Índice base 2018=100) Mensual",0 Estados Unidos Mexicanos,85.48
2008 Jun,"Indicadores económicos de coyuntura > Indicador global de la actividad económica, base 2018 > Series originales > Índice de volumen físico > Total (Índice base 2018=100) Mensual",0 Estados Unidos Mexicanos,85.48
2008 Jul,"Indicadores económicos de coyuntura > Indicador global de la actividad económica, base 2018 > Series originales > Índice de volumen físico > Total (Índice base 2018=100) Mensual",0 Estados Unidos Mexicanos,85.63
2008 Ago,"Indicadores económicos de coyuntura > Indicador global de la actividad económica, base 2018 > Series originales > Índice de volumen físico > Total (Índice base 2018=100) Mensual",0 Estados Unidos Mexicanos,83.08
2008 Sep,"Indicadores económicos de coyuntura > Indicador global de la actividad económica, base 2018 > Series originales > Índice de volumen físico > Total (Índice base 2018=100) Mensual",0 Estados Unidos Mexicanos,84.12
2008 Oct,"Indicadores económicos de coyuntura > Indicador global de la actividad económica, base 2018 > Series originales > Índice de volumen físico > Total (Índice base 2018=100) Mensual",0 Estados Unidos Mexicanos,86.63
2008 Nov,"Indicadores económicos de coyuntura > Indicador global de la actividad económica, base 2018 > Series originales > Índice de volumen físico > Total (Índice base 2018=100) Mensual",0 Estados Unidos Mexicanos,82.9
2008 Dic,"Indicadores económicos de coyuntura > Indicador global de la actividad económica, base 2018 > Series originales > Índice de volumen físico > Total (Índice base 2018=100) Mensual",0 Estados Unidos Mexicanos,83.16
2009 Ene,"Indicadores económicos de coyuntura > Indicador global de la actividad económica, base 2018 > Series originales > Índice de volumen físico > Total (Índice base 2018=100) Mensual",0 Estados Unidos Mexicanos,76.02
2009 Feb,"Indicadores económicos de coyuntura > Indicador global de la actividad económica, base 2018 > Series originales > Índice de volumen físico > Total (Índice base 2018=100) Mensual",0 Estados Unidos Mexicanos,73.65
2009 Mar,"Indicadores económicos de coyuntura > Indicador global de la actividad económica, base 2018 > Series originales > Índice de volumen físico > Total (Índice base 2018=100) Mensual",0 Estados Unidos Mexicanos,78.42
2009 Abr,"Indicadores económicos de coyuntura > Indicador global de la actividad económica, base 2018 > Series originales > Índice de volumen físico > Total (Índice base 2018=100) Mensual",0 Estados Unidos Mexicanos,76.26
2009 May,"Indicadores económicos de coyuntura > Indicador global de la actividad económica, base 2018 > Series originales > Índice de volumen físico > Total (Índice base 2018=100) Mensual",0 Estados Unidos Mexicanos,76.8
2009 Jun,"Indicadores económicos de coyuntura > Indicador global de la actividad económica, base 2018 > Series originales > Índice de volumen físico > Total (Índice base 2018=100) Mensual",0 Estados Unidos Mexicanos,79.09
2009 Jul,"Indicadores económicos de coyuntura > Indicador global de la actividad económica, base 2018 > Series originales > Índice de volumen físico > Total (Índice base 2018=100) Mensual",0 Estados Unidos Mexicanos,80.18
2009 Ago,"Indicadores económicos de coyuntura > Indicador global de la actividad económica, base 2018 > Series originales > Índice de volumen físico > Total (Índice base 2018=100) Mensual",0 Estados Unidos Mexicanos,78.07
2009 Sep,"Indicadores económicos de coyuntura > Indicador global de la actividad económica, base 2018 > Series originales > Índice de volumen físico > Total (Índice base 2018=100) Mensual",0 Estados Unidos Mexicanos,80.06
2009 Oct,"Indicadores económicos de coyuntura > Indicador global de la actividad económica, base 2018 > Series originales > Índice de volumen físico > Total (Índice base 2018=100) Mensual",0 Estados Unidos Mexicanos,82.34
2009 Nov,"Indicadores económicos de coyuntura > Indicador global de la actividad económica, base 2018 > Series originales > Índice de volumen físico > Total (Índice base 2018=100) Mensual",0 Estados Unidos Mexicanos,82.2
2009 Dic,"Indicadores económicos de coyuntura > Indicador global de la actividad económica, base 2018 > Series originales > Índice de volumen físico > Total (Índice base 2018=100) Mensual",0 Estados Unidos Mexicanos,83.29
2010 Ene,"Indicadores económicos de coyuntura > Indicador global de la actividad económica, base 2018 > Series originales > Índice de volumen físico > Total (Índice base 2018=100) Mensual",0 Estados Unidos Mexicanos,77.82
2010 Feb,"Indicadores económicos de coyuntura > Indicador global de la actividad económica, base 2018 > Series originales > Índice de volumen físico > Total (Índice base 2018=100) Mensual",0 Estados Unidos Mexicanos,77.04
2010 Mar,"Indicadores económicos de coyuntura > Indicador global de la actividad económica, base 2018 > Series originales > Índice de volumen físico > Total (Índice base 2018=100) Mensual",0 Estados Unidos Mexicanos,83.85
2010 Abr,"Indicadores económicos de coyuntura > Indicador global de la actividad económica, base 2018 > Series originales > Índice de volumen físico > Total (Índice base 2018=100) Mensual",0 Estados Unidos Mexicanos,82.22
2010 May,"Indicadores económicos de coyuntura > Indicador global de la actividad económica, base 2018 > Series originales > Índice de volumen físico > Total (Índice base 2018=100) Mensual",0 Estados Unidos Mexicanos,82.73
2010 Jun,"Indicadores económicos de coyuntura > Indicador global de la actividad económica, base 2018 > Series originales > Índice de volumen físico > Total (Índice base 2018=100) Mensual",0 Estados Unidos Mexicanos,84.1
2010 Jul,"Indicadores económicos de coyuntura > Indicador global de la actividad económica, base 2018 > Series originales > Índice de volumen físico > Total (Índice base 2018=100) Mensual",0 Estados Unidos Mexicanos,83.78
2010 Ago,"Indicadores económicos de coyuntura > Indicador global de la actividad económica, base 2018 > Series originales > Índice de volumen físico > Total (Índice base 2018=100) Mensual",0 Estados Unidos Mexicanos,82.86
2010 Sep,"Indicadores económicos de coyuntura > Indicador global de la actividad económica, base 2018 > Series originales > Índice de volumen físico > Total (Índice base 2018=100) Mensual",0 Estados Unidos Mexicanos,83.53
2010 Oct,"Indicadores económicos de coyuntura > Indicador global de la actividad económica, base 2018 > Series originales > Índice de volumen físico > Total (Índice base 2018=100) Mensual",0 Estados Unidos Mexicanos,84.52
2010 Nov,"Indicadores económicos de coyuntura > Indicador global de la actividad económica, base 2018 > Series originales > Índice de volumen físico > Total (Índice base 2018=100) Mensual",0 Estados Unidos Mexicanos,86.27
2010 Dic,"Indicadores económicos de coyuntura > Indicador global de la actividad económica, base 2018 > Series originales > Índice de volumen físico > Total (Índice base 2018=100) Mensual",0 Estados Unidos Mexicanos,86.36
2011 Ene,"Indicadores económicos de coyuntura > Indicador global de la actividad económica, base 2018 > Series originales > Índice de volumen físico > Total (Índice base 2018=100) Mensual",0 Estados Unidos Mexicanos,81.06
2011 Feb,"Indicadores económicos de coyuntura > Indicador global de la actividad económica, base 2018 > Series originales > Índice de volumen físico > Total (Índice base 2018=100) Mensual",0 Estados Unidos Mexicanos,80.12
2011 Mar,"Indicadores económicos de coyuntura > Indicador global de la actividad económica, base 2018 > Series originales > Índice de volumen físico > Total (Índice base 2018=100) Mensual",0 Estados Unidos Mexicanos,87.17
2011 Abr,"Indicadores económicos de coyuntura > Indicador global de la actividad económica, base 2018 > Series originales > Índice de volumen físico > Total (Índice base 2018=100) Mensual",0 Estados Unidos Mexicanos,82.96
2011 May,"Indicadores económicos de coyuntura > Indicador global de la actividad económica, base 2018 > Series originales > Índice de volumen físico > Total (Índice base 2018=100) Mensual",0 Estados Unidos Mexicanos,86.04
2011 Jun,"Indicadores económicos de coyuntura > Indicador global de la actividad económica, base 2018 > Series originales > Índice de volumen físico > Total (Índice base 2018=100) Mensual",0 Estados Unidos Mexicanos,86.88
2011 Jul,"Indicadores económicos de coyuntura > Indicador global de la actividad económica, base 2018 > Series originales > Índice de volumen físico > Total (Índice base 2018=100) Mensual",0 Estados Unidos Mexicanos,86.13
2011 Ago,"Indicadores económicos de coyuntura > Indicador global de la actividad económica, base 2018 > Series originales > Índice de volumen físico > Total (Índice base 2018=100) Mensual",0 Estados Unidos Mexicanos,87.29
2011 Sep,"Indicadores económicos de coyuntura > Indicador global de la actividad económica, base 2018 > Series originales > Índice de volumen físico > Total (Índice base 2018=100) Mensual",0 Estados Unidos Mexicanos,86.73
2011 Oct,"Indicadores económicos de coyuntura > Indicador global de la actividad económica, base 2018 > Series originales > Índice de volumen físico > Total (Índice base 2018=100) Mensual",0 Estados Unidos Mexicanos,87.55
2011 Nov,"Indicadores económicos de coyuntura > Indicador global de la actividad económica, base 2018 > Series originales > Índice de volumen físico > Total (Índice base 2018=100) Mensual",0 Estados Unidos Mexicanos,90.79
2011 Dic,"Indicadores económicos de coyuntura > Indicador global de la actividad económica, base 2018 > Series originales > Índice de volumen físico > Total (Índice base 2018=100) Mensual",0 Estados Unidos Mexicanos,89.21
2012 Ene,"Indicadores económicos de coyuntura > Indicador global de la actividad económica, base 2018 > Series originales > Índice de volumen físico > Total (Índice base 2018=100) Mensual",0 Estados Unidos Mexicanos,85.36
2012 Feb,"Indicadores económicos de coyuntura > Indicador global de la actividad económica, base 2018 > Series originales > Índice de volumen físico > Total (Índice base 2018=100) Mensual",0 Estados Unidos Mexicanos,85.3
2012 Mar,"Indicadores económicos de coyuntura > Indicador global de la actividad económica, base 2018 > Series originales > Índice de volumen físico > Total (Índice base 2018=100) Mensual",0 Estados Unidos Mexicanos,90.12
2012 Abr,"Indicadores económicos de coyuntura > Indicador global de la actividad económica, base 2018 > Series originales > Índice de volumen físico > Total (Índice base 2018=100) Mensual",0 Estados Unidos Mexicanos,86.67
2012 May,"Indicadores económicos de coyuntura > Indicador global de la actividad económica, base 2018 > Series originales > Índice de volumen físico > Total (Índice base 2018=100) Mensual",0 Estados Unidos Mexicanos,90.13
2012 Jun,"Indicadores económicos de coyuntura > Indicador global de la actividad económica, base 2018 > Series originales > Índice de volumen físico > Total (Índice base 2018=100) Mensual",0 Estados Unidos Mexicanos,89.79
2012 Jul,"Indicadores económicos de coyuntura > Indicador global de la actividad económica, base 2018 > Series originales > Índice de volumen físico > Total (Índice base 2018=100) Mensual",0 Estados Unidos Mexicanos,89.91
2012 Ago,"Indicadores económicos de coyuntura > Indicador global de la actividad económica, base 2018 > Series originales > Índice de volumen físico > Total (Índice base 2018=100) Mensual",0 Estados Unidos Mexicanos,89.45
2012 Sep,"Indicadores económicos de coyuntura > Indicador global de la actividad económica, base 2018 > Series originales > Índice de volumen físico > Total (Índice base 2018=100) Mensual",0 Estados Unidos Mexicanos,87.31
2012 Oct,"Indicadores económicos de coyuntura > Indicador global de la actividad económica, base 2018 > Series originales > Índice de volumen físico > Total (Índice base 2018=100) Mensual",0 Estados Unidos Mexicanos,91.36
2012 Nov,"Indicadores económicos de coyuntura > Indicador global de la actividad económica, base 2018 > Series originales > Índice de volumen físico > Total (Índice base 2018=100) Mensual",0 Estados Unidos Mexicanos,93.41
2012 Dic,"Indicadores económicos de coyuntura > Indicador global de la actividad económica, base 2018 > Series originales > Índice de volumen físico > Total (Índice base 2018=100) Mensual",0 Estados Unidos Mexicanos,90.42
2013 Ene,"Indicadores económicos de coyuntura > Indicador global de la actividad económica, base 2018 > Series originales > Índice de volumen físico > Total (Índice base 2018=100) Mensual",0 Estados Unidos Mexicanos,87.66
2013 Feb,"Indicadores económicos de coyuntura > Indicador global de la actividad económica, base 2018 > Series originales > Índice de volumen físico > Total (Índice base 2018=100) Mensual",0 Estados Unidos Mexicanos,85.14
2013 Mar,"Indicadores económicos de coyuntura > Indicador global de la actividad económica, base 2018 > Series originales > Índice de volumen físico > Total (Índice base 2018=100) Mensual",0 Estados Unidos Mexicanos,87.35
2013 Abr,"Indicadores económicos de coyuntura > Indicador global de la actividad económica, base 2018 > Series originales > Índice de volumen físico > Total (Índice base 2018=100) Mensual",0 Estados Unidos Mexicanos,90.46
2013 May,"Indicadores económicos de coyuntura > Indicador global de la actividad económica, base 2018 > Series originales > Índice de volumen físico > Total (Índice base 2018=100) Mensual",0 Estados Unidos Mexicanos,91.67
2013 Jun,"Indicadores económicos de coyuntura > Indicador global de la actividad económica, base 2018 > Series originales > Índice de volumen físico > Total (Índice base 2018=100) Mensual",0 Estados Unidos Mexicanos,89.26
2013 Jul,"Indicadores económicos de coyuntura > Indicador global de la actividad económica, base 2018 > Series originales > Índice de volumen físico > Total (Índice base 2018=100) Mensual",0 Estados Unidos Mexicanos,91.11
2013 Ago,"Indicadores económicos de coyuntura > Indicador global de la actividad económica, base 2018 > Series originales > Índice de volumen físico > Total (Índice base 2018=100) Mensual",0 Estados Unidos Mexicanos,90.19
2013 Sep,"Indicadores económicos de coyuntura > Indicador global de la actividad económica, base 2018 > Series originales > Índice de volumen físico > Total (Índice base 2018=100) Mensual",0 Estados Unidos Mexicanos,88.22
2013 Oct,"Indicadores económicos de coyuntura > Indicador global de la actividad económica, base 2018 > Series originales > Índice de volumen físico > Total (Índice base 2018=100) Mensual",0 Estados Unidos Mexicanos,92.82
2013 Nov,"Indicadores económicos de coyuntura > Indicador global de la actividad económica, base 2018 > Series originales > Índice de volumen físico > Total (Índice base 2018=100) Mensual",0 Estados Unidos Mexicanos,93.05
2013 Dic,"Indicadores económicos de coyuntura > Indicador global de la actividad económica, base 2018 > Series originales > Índice de volumen físico > Total (Índice base 2018=100) Mensual",0 Estados Unidos Mexicanos,92.09
2014 Ene,"Indicadores económicos de coyuntura > Indicador global de la actividad económica, base 2018 > Series originales > Índice de volumen físico > Total (Índice base 2018=100) Mensual",0 Estados Unidos Mexicanos,88.06
2014 Feb,"Indicadores económicos de coyuntura > Indicador global de la actividad económica, base 2018 > Series originales > Índice de volumen físico > Total (Índice base 2018=100) Mensual",0 Estados Unidos Mexicanos,86.92
2014 Mar,"Indicadores económicos de coyuntura > Indicador global de la actividad económica, base 2018 > Series originales > Índice de volumen físico > Total (Índice base 2018=100) Mensual",0 Estados Unidos Mexicanos,91.51
2014 Abr,"Indicadores económicos de coyuntura > Indicador global de la actividad económica, base 2018 > Series originales > Índice de volumen físico > Total (Índice base 2018=100) Mensual",0 Estados Unidos Mexicanos,90.61
2014 May,"Indicadores económicos de coyuntura > Indicador global de la actividad económica, base 2018 > Series originales > Índice de volumen físico > Total (Índice base 2018=100) Mensual",0 Estados Unidos Mexicanos,93.77
2014 Jun,"Indicadores económicos de coyuntura > Indicador global de la actividad económica, base 2018 > Series originales > Índice de volumen físico > Total (Índice base 2018=100) Mensual",0 Estados Unidos Mexicanos,92.24
2014 Jul,"Indicadores económicos de coyuntura > Indicador global de la actividad económica, base 2018 > Series originales > Índice de volumen físico > Total (Índice base 2018=100) Mensual",0 Estados Unidos Mexicanos,94.15
2014 Ago,"Indicadores económicos de coyuntura > Indicador global de la actividad económica, base 2018 > Series originales > Índice de volumen físico > Total (Índice base 2018=100) Mensual",0 Estados Unidos Mexicanos,91.27
2014 Sep,"Indicadores económicos de coyuntura > Indicador global de la actividad económica, base 2018 > Series originales > Índice de volumen físico > Total (Índice base 2018=100) Mensual",0 Estados Unidos Mexicanos,91.31
2014 Oct,"Indicadores económicos de coyuntura > Indicador global de la actividad económica, base 2018 > Series originales > Índice de volumen físico > Total (Índice base 2018=100) Mensual",0 Estados Unidos Mexicanos,95.62
2014 Nov,"Indicadores económicos de coyuntura > Indicador global de la actividad económica, base 2018 > Series originales > Índice de volumen físico > Total (Índice base 2018=100) Mensual",0 Estados Unidos Mexicanos,94.9
2014 Dic,"Indicadores económicos de coyuntura > Indicador global de la actividad económica, base 2018 > Series originales > Índice de volumen físico > Total (Índice base 2018=100) Mensual",0 Estados Unidos Mexicanos,95.5
2015 Ene,"Indicadores económicos de coyuntura > Indicador global de la actividad económica, base 2018 > Series originales > Índice de volumen físico > Total (Índice base 2018=100) Mensual",0 Estados Unidos Mexicanos,90.62
2015 Feb,"Indicadores económicos de coyuntura > Indicador global de la actividad económica, base 2018 > Series originales > Índice de volumen físico > Total (Índice base 2018=100) Mensual",0 Estados Unidos Mexicanos,89.27
2015 Mar,"Indicadores económicos de coyuntura > Indicador global de la actividad económica, base 2018 > Series originales > Índice de volumen físico > Total (Índice base 2018=100) Mensual",0 Estados Unidos Mexicanos,94.33
2015 Abr,"Indicadores económicos de coyuntura > Indicador global de la actividad económica, base 2018 > Series originales > Índice de volumen físico > Total (Índice base 2018=100) Mensual",0 Estados Unidos Mexicanos,92.93
2015 May,"Indicadores económicos de coyuntura > Indicador global de la actividad económica, base 2018 > Series originales > Índice de volumen físico > Total (Índice base 2018=100) Mensual",0 Estados Unidos Mexicanos,94.02
2015 Jun,"Indicadores económicos de coyuntura > Indicador global de la actividad económica, base 2018 > Series originales > Índice de volumen físico > Total (Índice base 2018=100) Mensual",0 Estados Unidos Mexicanos,95.6
2015 Jul,"Indicadores económicos de coyuntura > Indicador global de la actividad económica, base 2018 > Series originales > Índice de volumen físico > Total (Índice base 2018=100) Mensual",0 Estados Unidos Mexicanos,96.24
2015 Ago,"Indicadores económicos de coyuntura > Indicador global de la actividad económica, base 2018 > Series originales > Índice de volumen físico > Total (Índice base 2018=100) Mensual",0 Estados Unidos Mexicanos,93.91
2015 Sep,"Indicadores económicos de coyuntura > Indicador global de la actividad económica, base 2018 > Series originales > Índice de volumen físico > Total (Índice base 2018=100) Mensual",0 Estados Unidos Mexicanos,95.49
2015 Oct,"Indicadores económicos de coyuntura > Indicador global de la actividad económica, base 2018 > Series originales > Índice de volumen físico > Total (Índice base 2018=100) Mensual",0 Estados Unidos Mexicanos,97.29
2015 Nov,"Indicadores económicos de coyuntura > Indicador global de la actividad económica, base 2018 > Series originales > Índice de volumen físico > Total (Índice base 2018=100) Mensual",0 Estados Unidos Mexicanos,96.72
2015 Dic,"Indicadores económicos de coyuntura > Indicador global de la actividad económica, base 2018 > Series originales > Índice de volumen físico > Total (Índice base 2018=100) Mensual",0 Estados Unidos Mexicanos,97.51
2016 Ene,"Indicadores económicos de coyuntura > Indicador global de la actividad económica, base 2018 > Series originales > Índice de volumen físico > Total (Índice base 2018=100) Mensual",0 Estados Unidos Mexicanos,91.74
2016 Feb,"Indicadores económicos de coyuntura > Indicador global de la actividad económica, base 2018 > Series originales > Índice de volumen físico > Total (Índice base 2018=100) Mensual",0 Estados Unidos Mexicanos,92.73
2016 Mar,"Indicadores económicos de coyuntura > Indicador global de la actividad económica, base 2018 > Series originales > Índice de volumen físico > Total (Índice base 2018=100) Mensual",0 Estados Unidos Mexicanos,94.13
2016 Abr,"Indicadores económicos de coyuntura > Indicador global de la actividad económica, base 2018 > Series originales > Índice de volumen físico > Total (Índice base 2018=100) Mensual",0 Estados Unidos Mexicanos,95.75
2016 May,"Indicadores económicos de coyuntura > Indicador global de la actividad económica, base 2018 > Series originales > Índice de volumen físico > Total (Índice base 2018=100) Mensual",0 Estados Unidos Mexicanos,96
2016 Jun,"Indicadores económicos de coyuntura > Indicador global de la actividad económica, base 2018 > Series originales > Índice de volumen físico > Total (Índice base 2018=100) Mensual",0 Estados Unidos Mexicanos,97.38
2016 Jul,"Indicadores económicos de coyuntura > Indicador global de la actividad económica, base 2018 > Series originales > Índice de volumen físico > Total (Índice base 2018=100) Mensual",0 Estados Unidos Mexicanos,95.39
2016 Ago,"Indicadores económicos de coyuntura > Indicador global de la actividad económica, base 2018 > Series originales > Índice de volumen físico > Total (Índice base 2018=100) Mensual",0 Estados Unidos Mexicanos,96.88
2016 Sep,"Indicadores económicos de coyuntura > Indicador global de la actividad económica, base 2018 > Series originales > Índice de volumen físico > Total (Índice base 2018=100) Mensual",0 Estados Unidos Mexicanos,95.74
2016 Oct,"Indicadores económicos de coyuntura > Indicador global de la actividad económica, base 2018 > Series originales > Índice de volumen físico > Total (Índice base 2018=100) Mensual",0 Estados Unidos Mexicanos,97.66
2016 Nov,"Indicadores económicos de coyuntura > Indicador global de la actividad económica, base 2018 > Series originales > Índice de volumen físico > Total (Índice base 2018=100) Mensual",0 Estados Unidos Mexicanos,100.85
2016 Dic,"Indicadores económicos de coyuntura > Indicador global de la actividad económica, base 2018 > Series originales > Índice de volumen físico > Total (Índice base 2018=100) Mensual",0 Estados Unidos Mexicanos,99.79
2017 Ene,"Indicadores económicos de coyuntura > Indicador global de la actividad económica, base 2018 > Series originales > Índice de volumen físico > Total (Índice base 2018=100) Mensual",0 Estados Unidos Mexicanos,95.15
2017 Feb,"Indicadores económicos de coyuntura > Indicador global de la actividad económica, base 2018 > Series originales > Índice de volumen físico > Total (Índice base 2018=100) Mensual",0 Estados Unidos Mexicanos,93.33
2017 Mar,"Indicadores económicos de coyuntura > Indicador global de la actividad económica, base 2018 > Series originales > Índice de volumen físico > Total (Índice base 2018=100) Mensual",0 Estados Unidos Mexicanos,99.88
2017 Abr,"Indicadores económicos de coyuntura > Indicador global de la actividad económica, base 2018 > Series originales > Índice de volumen físico > Total (Índice base 2018=100) Mensual",0 Estados Unidos Mexicanos,94.25
2017 May,"Indicadores económicos de coyuntura > Indicador global de la actividad económica, base 2018 > Series originales > Índice de volumen físico > Total (Índice base 2018=100) Mensual",0 Estados Unidos Mexicanos,99.16
2017 Jun,"Indicadores económicos de coyuntura > Indicador global de la actividad económica, base 2018 > Series originales > Índice de volumen físico > Total (Índice base 2018=100) Mensual",0 Estados Unidos Mexicanos,99.89
2017 Jul,"Indicadores económicos de coyuntura > Indicador global de la actividad económica, base 2018 > Series originales > Índice de volumen físico > Total (Índice base 2018=100) Mensual",0 Estados Unidos Mexicanos,96.51
2017 Ago,"Indicadores económicos de coyuntura > Indicador global de la actividad económica, base 2018 > Series originales > Índice de volumen físico > Total (Índice base 2018=100) Mensual",0 Estados Unidos Mexicanos,99.23
2017 Sep,"Indicadores económicos de coyuntura > Indicador global de la actividad económica, base 2018 > Series originales > Índice de volumen físico > Total (Índice base 2018=100) Mensual",0 Estados Unidos Mexicanos,95.76
2017 Oct,"Indicadores económicos de coyuntura > Indicador global de la actividad económica, base 2018 > Series originales > Índice de volumen físico > Total (Índice base 2018=100) Mensual",0 Estados Unidos Mexicanos,99.46
2017 Nov,"Indicadores económicos de coyuntura > Indicador global de la actividad económica, base 2018 > Series originales > Índice de volumen físico > Total (Índice base 2018=100) Mensual",0 Estados Unidos Mexicanos,102.8
2017 Dic,"Indicadores económicos de coyuntura > Indicador global de la actividad económica, base 2018 > Series originales > Índice de volumen físico > Total (Índice base 2018=100) Mensual",0 Estados Unidos Mexicanos,100.82
2018 Ene,"Indicadores económicos de coyuntura > Indicador global de la actividad económica, base 2018 > Series originales > Índice de volumen físico > Total (Índice base 2018=100) Mensual",0 Estados Unidos Mexicanos,97.41
2018 Feb,"Indicadores económicos de coyuntura > Indicador global de la actividad económica, base 2018 > Series originales > Índice de volumen físico > Total (Índice base 2018=100) Mensual",0 Estados Unidos Mexicanos,95.32
2018 Mar,"Indicadores económicos de coyuntura > Indicador global de la actividad económica, base 2018 > Series originales > Índice de volumen físico > Total (Índice base 2018=100) Mensual",0 Estados Unidos Mexicanos,98.98
2018 Abr,"Indicadores económicos de coyuntura > Indicador global de la actividad económica, base 2018 > Series originales > Índice de volumen físico > Total (Índice base 2018=100) Mensual",0 Estados Unidos Mexicanos,98.91
2018 May,"Indicadores económicos de coyuntura > Indicador global de la actividad económica, base 2018 > Series originales > Índice de volumen físico > Total (Índice base 2018=100) Mensual",0 Estados Unidos Mexicanos,102.01
2018 Jun,"Indicadores económicos de coyuntura > Indicador global de la actividad económica, base 2018 > Series originales > Índice de volumen físico > Total (Índice base 2018=100) Mensual",0 Estados Unidos Mexicanos,101.25
2018 Jul,"Indicadores económicos de coyuntura > Indicador global de la actividad económica, base 2018 > Series originales > Índice de volumen físico > Total (Índice base 2018=100) Mensual",0 Estados Unidos Mexicanos,100.15
2018 Ago,"Indicadores económicos de coyuntura > Indicador global de la actividad económica, base 2018 > Series originales > Índice de volumen físico > Total (Índice base 2018=100) Mensual",0 Estados Unidos Mexicanos,101.61
2018 Sep,"Indicadores económicos de coyuntura > Indicador global de la actividad económica, base 2018 > Series originales > Índice de volumen físico > Total (Índice base 2018=100) Mensual",0 Estados Unidos Mexicanos,98
2018 Oct,"Indicadores económicos de coyuntura > Indicador global de la actividad económica, base 2018 > Series originales > Índice de volumen físico > Total (Índice base 2018=100) Mensual",0 Estados Unidos Mexicanos,102.34
2018 Nov,"Indicadores económicos de coyuntura > Indicador global de la actividad económica, base 2018 > Series originales > Índice de volumen físico > Total (Índice base 2018=100) Mensual",0 Estados Unidos Mexicanos,104.01
2018 Dic,"Indicadores económicos de coyuntura > Indicador global de la actividad económica, base 2018 > Series originales > Índice de volumen físico > Total (Índice base 2018=100) Mensual",0 Estados Unidos Mexicanos,100.02
2019 Ene,"Indicadores económicos de coyuntura > Indicador global de la actividad económica, base 2018 > Series originales > Índice de volumen físico > Total (Índice base 2018=100) Mensual",0 Estados Unidos Mexicanos,98.52
2019 Feb,"Indicadores económicos de coyuntura > Indicador global de la actividad económica, base 2018 > Series originales > Índice de volumen físico > Total (Índice base 2018=100) Mensual",0 Estados Unidos Mexicanos,95.94
2019 Mar,"Indicadores económicos de coyuntura > Indicador global de la actividad económica, base 2018 > Series originales > Índice de volumen físico > Total (Índice base 2018=100) Mensual",0 Estados Unidos Mexicanos,99.93
2019 Abr,"Indicadores económicos de coyuntura > Indicador global de la actividad económica, base 2018 > Series originales > Índice de volumen físico > Total (Índice base 2018=100) Mensual",0 Estados Unidos Mexicanos,97.68
2019 May,"Indicadores económicos de coyuntura > Indicador global de la actividad económica, base 2018 > Series originales > Índice de volumen físico > Total (Índice base 2018=100) Mensual",0 Estados Unidos Mexicanos,101.34
2019 Jun,"Indicadores económicos de coyuntura > Indicador global de la actividad económica, base 2018 > Series originales > Índice de volumen físico > Total (Índice base 2018=100) Mensual",0 Estados Unidos Mexicanos,99.87
2019 Jul,"Indicadores económicos de coyuntura > Indicador global de la actividad económica, base 2018 > Series originales > Índice de volumen físico > Total (Índice base 2018=100) Mensual",0 Estados Unidos Mexicanos,100.51
2019 Ago,"Indicadores económicos de coyuntura > Indicador global de la actividad económica, base 2018 > Series originales > Índice de volumen físico > Total (Índice base 2018=100) Mensual",0 Estados Unidos Mexicanos,100.14
2019 Sep,"Indicadores económicos de coyuntura > Indicador global de la actividad económica, base 2018 > Series originales > Índice de volumen físico > Total (Índice base 2018=100) Mensual",0 Estados Unidos Mexicanos,97.49
2019 Oct,"Indicadores económicos de coyuntura > Indicador global de la actividad económica, base 2018 > Series originales > Índice de volumen físico > Total (Índice base 2018=100) Mensual",0 Estados Unidos Mexicanos,100.54
2019 Nov,"Indicadores económicos de coyuntura > Indicador global de la actividad económica, base 2018 > Series originales > Índice de volumen físico > Total (Índice base 2018=100) Mensual",0 Estados Unidos Mexicanos,102.9
2019 Dic,"Indicadores económicos de coyuntura > Indicador global de la actividad económica, base 2018 > Series originales > Índice de volumen físico > Total (Índice base 2018=100) Mensual",0 Estados Unidos Mexicanos,99.93
2020 Ene,"Indicadores económicos de coyuntura > Indicador global de la actividad económica, base 2018 > Series originales > Índice de volumen físico > Total (Índice base 2018=100) Mensual",0 Estados Unidos Mexicanos,98.31
2020 Feb,"Indicadores económicos de coyuntura > Indicador global de la actividad económica, base 2018 > Series originales > Índice de volumen físico > Total (Índice base 2018=100) Mensual",0 Estados Unidos Mexicanos,95.26
2020 Mar,"Indicadores económicos de coyuntura > Indicador global de la actividad económica, base 2018 > Series originales > Índice de volumen físico > Total (Índice base 2018=100) Mensual",0 Estados Unidos Mexicanos,96.92
2020 Abr,"Indicadores económicos de coyuntura > Indicador global de la actividad económica, base 2018 > Series originales > Índice de volumen físico > Total (Índice base 2018=100) Mensual",0 Estados Unidos Mexicanos,76.33
2020 May,"Indicadores económicos de coyuntura > Indicador global de la actividad económica, base 2018 > Series originales > Índice de volumen físico > Total (Índice base 2018=100) Mensual",0 Estados Unidos Mexicanos,76.9
2020 Jun,"Indicadores económicos de coyuntura > Indicador global de la actividad económica, base 2018 > Series originales > Índice de volumen físico > Total (Índice base 2018=100) Mensual",0 Estados Unidos Mexicanos,86.48
2020 Jul,"Indicadores económicos de coyuntura > Indicador global de la actividad económica, base 2018 > Series originales > Índice de volumen físico > Total (Índice base 2018=100) Mensual",0 Estados Unidos Mexicanos,90.46
2020 Ago,"Indicadores económicos de coyuntura > Indicador global de la actividad económica, base 2018 > Series originales > Índice de volumen físico > Total (Índice base 2018=100) Mensual",0 Estados Unidos Mexicanos,91.53
2020 Sep,"Indicadores económicos de coyuntura > Indicador global de la actividad económica, base 2018 > Series originales > Índice de volumen físico > Total (Índice base 2018=100) Mensual",0 Estados Unidos Mexicanos,92.97
2020 Oct,"Indicadores económicos de coyuntura > Indicador global de la actividad económica, base 2018 > Series originales > Índice de volumen físico > Total (Índice base 2018=100) Mensual",0 Estados Unidos Mexicanos,96.35
2020 Nov,"Indicadores económicos de coyuntura > Indicador global de la actividad económica, base 2018 > Series originales > Índice de volumen físico > Total (Índice base 2018=100) Mensual",0 Estados Unidos Mexicanos,99.3
2020 Dic,"Indicadores económicos de coyuntura > Indicador global de la actividad económica, base 2018 > Series originales > Índice de volumen físico > Total (Índice base 2018=100) Mensual",0 Estados Unidos Mexicanos,97.98
2021 Ene,"Indicadores económicos de coyuntura > Indicador global de la actividad económica, base 2018 > Series originales > Índice de volumen físico > Total (Índice base 2018=100) Mensual",0 Estados Unidos Mexicanos,93.12
2021 Feb,"Indicadores económicos de coyuntura > Indicador global de la actividad económica, base 2018 > Series originales > Índice de volumen físico > Total (Índice base 2018=100) Mensual",0 Estados Unidos Mexicanos,90.87
2021 Mar,"Indicadores económicos de coyuntura > Indicador global de la actividad económica, base 2018 > Series originales > Índice de volumen físico > Total (Índice base 2018=100) Mensual",0 Estados Unidos Mexicanos,99.81
2021 Abr,"Indicadores económicos de coyuntura > Indicador global de la actividad económica, base 2018 > Series originales > Índice de volumen físico > Total (Índice base 2018=100) Mensual",0 Estados Unidos Mexicanos,96.19
2021 May,"Indicadores económicos de coyuntura > Indicador global de la actividad económica, base 2018 > Series originales > Índice de volumen físico > Total (Índice base 2018=100) Mensual",0 Estados Unidos Mexicanos,98.21
2021 Jun,"Indicadores económicos de coyuntura > Indicador global de la actividad económica, base 2018 > Series originales > Índice de volumen físico > Total (Índice base 2018=100) Mensual",0 Estados Unidos Mexicanos,98.43
2021 Jul,"Indicadores económicos de coyuntura > Indicador global de la actividad económica, base 2018 > Series originales > Índice de volumen físico > Total (Índice base 2018=100) Mensual",0 Estados Unidos Mexicanos,97.31
2021 Ago,"Indicadores económicos de coyuntura > Indicador global de la actividad económica, base 2018 > Series originales > Índice de volumen físico > Total (Índice base 2018=100) Mensual",0 Estados Unidos Mexicanos,96.06
2021 Sep,"Indicadores económicos de coyuntura > Indicador global de la actividad económica, base 2018 > Series originales > Índice de volumen físico > Total (Índice base 2018=100) Mensual",0 Estados Unidos Mexicanos,93.73
2021 Oct,"Indicadores económicos de coyuntura > Indicador global de la actividad económica, base 2018 > Series originales > Índice de volumen físico > Total (Índice base 2018=100) Mensual",0 Estados Unidos Mexicanos,96.27
2021 Nov,"Indicadores económicos de coyuntura > Indicador global de la actividad económica, base 2018 > Series originales > Índice de volumen físico > Total (Índice base 2018=100) Mensual",0 Estados Unidos Mexicanos,101.09
2021 Dic,"Indicadores económicos de coyuntura > Indicador global de la actividad económica, base 2018 > Series originales > Índice de volumen físico > Total (Índice base 2018=100) Mensual",0 Estados Unidos Mexicanos,99.66
2022 Ene,"Indicadores económicos de coyuntura > Indicador global de la actividad económica, base 2018 > Series originales > Índice de volumen físico > Total (Índice base 2018=100) Mensual",0 Estados Unidos Mexicanos,94.78
2022 Feb,"Indicadores económicos de coyuntura > Indicador global de la actividad económica, base 2018 > Series originales > Índice de volumen físico > Total (Índice base 2018=100) Mensual",0 Estados Unidos Mexicanos,93.61
2022 Mar,"Indicadores económicos de coyuntura > Indicador global de la actividad económica, base 2018 > Series originales > Índice de volumen físico > Total (Índice base 2018=100) Mensual",0 Estados Unidos Mexicanos,101.6
2022 Abr,"Indicadores económicos de coyuntura > Indicador global de la actividad económica, base 2018 > Series originales > Índice de volumen físico > Total (Índice base 2018=100) Mensual",0 Estados Unidos Mexicanos,98.49
2022 May,"Indicadores económicos de coyuntura > Indicador global de la actividad económica, base 2018 > Series originales > Índice de volumen físico > Total (Índice base 2018=100) Mensual",0 Estados Unidos Mexicanos,101.62
2022 Jun,"Indicadores económicos de coyuntura > Indicador global de la actividad económica, base 2018 > Series originales > Índice de volumen físico > Total (Índice base 2018=100) Mensual",0 Estados Unidos Mexicanos,100.25
2022 Jul,"Indicadores económicos de coyuntura > Indicador global de la actividad económica, base 2018 > Series originales > Índice de volumen físico > Total (Índice base 2018=100) Mensual",0 Estados Unidos Mexicanos,99.71
2022 Ago,"Indicadores económicos de coyuntura > Indicador global de la actividad económica, base 2018 > Series originales > Índice de volumen físico > Total (Índice base 2018=100) Mensual",0 Estados Unidos Mexicanos,101.69
2022 Sep,"Indicadores económicos de coyuntura > Indicador global de la actividad económica, base 2018 > Series originales > Índice de volumen físico > Total (Índice base 2018=100) Mensual",0 Estados Unidos Mexicanos,98.85
2022 Oct,"Indicadores económicos de coyuntura > Indicador global de la actividad económica, base 2018 > Series originales > Índice de volumen físico > Total (Índice base 2018=100) Mensual",0 Estados Unidos Mexicanos,100.78
2022 Nov,"Indicadores económicos de coyuntura > Indicador global de la actividad económica, base 2018 > Series originales > Índice de volumen físico > Total (Índice base 2018=100) Mensual",0 Estados Unidos Mexicanos,105.83
2022 Dic,"Indicadores económicos de coyuntura > Indicador global de la actividad económica, base 2018 > Series originales > Índice de volumen físico > Total (Índice base 2018=100) Mensual",0 Estados Unidos Mexicanos,103.98
2023 Ene,"Indicadores económicos de coyuntura > Indicador global de la actividad económica, base 2018 > Series originales > Índice de volumen físico > Total (Índice base 2018=100) Mensual",0 Estados Unidos Mexicanos,99.31
2023 Feb,"Indicadores económicos de coyuntura > Indicador global de la actividad económica, base 2018 > Series originales > Índice de volumen físico > Total (Índice base 2018=100) Mensual",0 Estados Unidos Mexicanos,97.07
2023 Mar,"Indicadores económicos de coyuntura > Indicador global de la actividad económica, base 2018 > Series originales > Índice de volumen físico > Total (Índice base 2018=100) Mensual",0 Estados Unidos Mexicanos,104.09
2023 Abr,"Indicadores económicos de coyuntura > Indicador global de la actividad económica, base 2018 > Series originales > Índice de volumen físico > Total (Índice base 2018=100) Mensual",0 Estados Unidos Mexicanos,100.23
2023 May,"Indicadores económicos de coyuntura > Indicador global de la actividad económica, base 2018 > Series originales > Índice de volumen físico > Total (Índice base 2018=100) Mensual",0 Estados Unidos Mexicanos,105.84
2023 Jun,"Indicadores económicos de coyuntura > Indicador global de la actividad económica, base 2018 > Series originales > Índice de volumen físico > Total (Índice base 2018=100) Mensual",0 Estados Unidos Mexicanos,104.05
2023 Jul,"Indicadores económicos de coyuntura > Indicador global de la actividad económica, base 2018 > Series originales > Índice de volumen físico > Total (Índice base 2018=100) Mensual",0 Estados Unidos Mexicanos,102.74
2023 Ago,"Indicadores económicos de coyuntura > Indicador global de la actividad económica, base 2018 > Series originales > Índice de volumen físico > Total (Índice base 2018=100) Mensual",0 Estados Unidos Mexicanos,105.02
2023 Sep,"Indicadores económicos de coyuntura > Indicador global de la actividad económica, base 2018 > Series originales > Índice de volumen físico > Total (Índice base 2018=100) Mensual",0 Estados Unidos Mexicanos,102.57
2023 Oct,"Indicadores económicos de coyuntura > Indicador global de la actividad económica, base 2018 > Series originales > Índice de volumen físico > Total (Índice base 2018=100) Mensual",0 Estados Unidos Mexicanos,105.28
2023 Nov,"Indicadores económicos de coyuntura > Indicador global de la actividad económica, base 2018 > Series originales > Índice de volumen físico > Total (Índice base 2018=100) Mensual",0 Estados Unidos Mexicanos,107.66
2023 Dic,"Indicadores económicos de coyuntura > Indicador global de la actividad económica, base 2018 > Series originales > Índice de volumen físico > Total (Índice base 2018=100) Mensual",0 Estados Unidos Mexicanos,104.47
2024 Ene,"Indicadores económicos de coyuntura > Indicador global de la actividad económica, base 2018 > Series originales > Índice de volumen físico > Total (Índice base 2018=100) Mensual",0 Estados Unidos Mexicanos,101.64
2024 Feb,"Indicadores económicos de coyuntura > Indicador global de la actividad económica, base 2018 > Series originales > Índice de volumen físico > Total (Índice base 2018=100) Mensual",0 Estados Unidos Mexicanos,101.29
2024 Mar,"Indicadores económicos de coyuntura > Indicador global de la actividad económica, base 2018 > Series originales > Índice de volumen físico > Total (Índice base 2018=100) Mensual",0 Estados Unidos Mexicanos,102.66
2024 Abr,"Indicadores económicos de coyuntura > Indicador global de la actividad económica, base 2018 > Series originales > Índice de volumen físico > Total (Índice base 2018=100) Mensual",0 Estados Unidos Mexicanos,105.62
2024 May,"Indicadores económicos de coyuntura > Indicador global de la actividad económica, base 2018 > Series originales > Índice de volumen físico > Total (Índice base 2018=100) Mensual",0 Estados Unidos Mexicanos,107.37
2024 Jun,"Indicadores económicos de coyuntura > Indicador global de la actividad económica, base 2018 > Series originales > Índice de volumen físico > Total (Índice base 2018=100) Mensual",0 Estados Unidos Mexicanos,103.45
2024 Jul,"Indicadores económicos de coyuntura > Indicador global de la actividad económica, base 2018 > Series originales > Índice de volumen físico > Total (Índice base 2018=100) Mensual",0 Estados Unidos Mexicanos,106.73
2024 Ago,"Indicadores económicos de coyuntura > Indicador global de la actividad económica, base 2018 > Series originales > Índice de volumen físico > Total (Índice base 2018=100) Mensual",0 Estados Unidos Mexicanos,105.44
2024 Sep,"Indicadores económicos de coyuntura > Indicador global de la actividad económica, base 2018 > Series originales > Índice de volumen físico > Total (Índice base 2018=100) Mensual",0 Estados Unidos Mexicanos,102.43
2024 Oct,"Indicadores económicos de coyuntura > Indicador global de la actividad económica, base 2018 > Series originales > Índice de volumen físico > Total (Índice base 2018=100) Mensual",0 Estados Unidos Mexicanos,105.99
2024 Nov,"Indicadores económicos de coyuntura > Indicador global de la actividad económica, base 2018 > Series originales > Índice de volumen físico > Total (Índice base 2018=100) Mensual",0 Estados Unidos Mexicanos,107.91
2024 Dic,"Indicadores económicos de coyuntura > Indicador global de la actividad económica, base 2018 > Series originales > Índice de volumen físico > Total (Índice base 2018=100) Mensual",0 Estados Unidos Mexicanos,103.79
2025 Ene,"Indicadores económicos de coyuntura > Indicador global de la actividad económica, base 2018 > Series originales > Índice de volumen físico > Total (Índice base 2018=100) Mensual",0 Estados Unidos Mexicanos,101.23
2025 Feb,"Indicadores económicos de coyuntura > Indicador global de la actividad económica, base 2018 > Series originales > Índice de volumen físico > Total (Índice base 2018=100) Mensual",0 Estados Unidos Mexicanos,100.35
2025 Mar,"Indicadores económicos de coyuntura > Indicador global de la actividad económica, base 2018 > Series originales > Índice de volumen físico > Total (Índice base 2018=100) Mensual",0 Estados Unidos Mexicanos,105.35
2025 Abr,"Indicadores económicos de coyuntura > Indicador global de la actividad económica, base 2018 > Series originales > Índice de volumen físico > Total (Índice base 2018=100) Mensual",0 Estados Unidos Mexicanos,103.95
2025 May,"Indicadores económicos de coyuntura > Indicador global de la actividad económica, base 2018 > Series originales > Índice de volumen físico > Total (Índice base 2018=100) Mensual",0 Estados Unidos Mexicanos,107.41
2025 Jun,"Indicadores económicos de coyuntura > Indicador global de la actividad económica, base 2018 > Series originales > Índice de volumen físico > Total (Índice base 2018=100) Mensual",0 Estados Unidos Mexicanos,104.54
2025 Jul,"Indicadores económicos de coyuntura > Indicador global de la actividad económica, base 2018 > Series originales > Índice de volumen físico > Total (Índice base 2018=100) Mensual",0 Estados Unidos Mexicanos,105.74
2025 Ago,"Indicadores económicos de coyuntura > Indicador global de la actividad económica, base 2018 > Series originales > Índice de volumen físico > Total (Índice base 2018=100) Mensual",0 Estados Unidos Mexicanos,104.89
2025 Sep,"Indicadores económicos de coyuntura > Indicador global de la actividad económica, base 2018 > Series originales > Índice de volumen físico > Total (Índice base 2018=100) Mensual",0 Estados Unidos Mexicanos,103.18
2025 Oct,"Indicadores económicos de coyuntura > Indicador global de la actividad económica, base 2018 > Series originales > Índice de volumen físico > Total (Índice base 2018=100) Mensual",0 Estados Unidos Mexicanos,107.84
"Notas y Llamadas:""Preliminar a partir de 2025/10""Revisada a partir de 2025/09""""Fuente:""INEGI Sistema de Cuentas Nacionales de México. Indicador Global de la Actividad Económica (IGAE)""",,,
