Periodo,Área geográfica,Indicador,DATA
1993 Ene,0 Estados Unidos Mexicanos,"Indicadores económicos de coyuntura > Formación bruta de capital fijo, base 2018 > Series Originales > Índice de volumen físico > Por tipo de bien y origen > Total (Índice base 2018=100) Mensual",53.2
1993 Feb,0 Estados Unidos Mexicanos,"Indicadores económicos de coyuntura > Formación bruta de capital fijo, base 2018 > Series Originales > Índice de volumen físico > Por tipo de bien y origen > Total (Índice base 2018=100) Mensual",56.3
1993 Mar,0 Estados Unidos Mexicanos,"Indicadores económicos de coyuntura > Formación bruta de capital fijo, base 2018 > Series Originales > Índice de volumen físico > Por tipo de bien y origen > Total (Índice base 2018=100) Mensual",58.2
1993 Abr,0 Estados Unidos Mexicanos,"Indicadores económicos de coyuntura > Formación bruta de capital fijo, base 2018 > Series Originales > Índice de volumen físico > Por tipo de bien y origen > Total (Índice base 2018=100) Mensual",53.7
1993 May,0 Estados Unidos Mexicanos,"Indicadores económicos de coyuntura > Formación bruta de capital fijo, base 2018 > Series Originales > Índice de volumen físico > Por tipo de bien y origen > Total (Índice base 2018=100) Mensual",52.5
1993 Jun,0 Estados Unidos Mexicanos,"Indicadores económicos de coyuntura > Formación bruta de capital fijo, base 2018 > Series Originales > Índice de volumen físico > Por tipo de bien y origen > Total (Índice base 2018=100) Mensual",50.3
1993 Jul,0 Estados Unidos Mexicanos,"Indicadores económicos de coyuntura > Formación bruta de capital fijo, base 2018 > Series Originales > Índice de volumen físico > Por tipo de bien y origen > Total (Índice base 2018=100) Mensual",54.3
1993 Ago,0 Estados Unidos Mexicanos,"Indicadores económicos de coyuntura > Formación bruta de capital fijo, base 2018 > Series Originales > Índice de volumen físico > Por tipo de bien y origen > Total (Índice base 2018=100) Mensual",58.5
1993 Sep,0 Estados Unidos Mexicanos,"Indicadores económicos de coyuntura > Formación bruta de capital fijo, base 2018 > Series Originales > Índice de volumen físico > Por tipo de bien y origen > Total (Índice base 2018=100) Mensual",58.2
1993 Oct,0 Estados Unidos Mexicanos,"Indicadores económicos de coyuntura > Formación bruta de capital fijo, base 2018 > Series Originales > Índice de volumen físico > Por tipo de bien y origen > Total (Índice base 2018=100) Mensual",59.5
1993 Nov,0 Estados Unidos Mexicanos,"Indicadores económicos de coyuntura > Formación bruta de capital fijo, base 2018 > Series Originales > Índice de volumen físico > Por tipo de bien y origen > Total (Índice base 2018=100) Mensual",63.8
1993 Dic,0 Estados Unidos Mexicanos,"Indicadores económicos de coyuntura > Formación bruta de capital fijo, base 2018 > Series Originales > Índice de volumen físico > Por tipo de bien y origen > Total (Índice base 2018=100) Mensual",69.8
1994 Ene,0 Estados Unidos Mexicanos,"Indicadores económicos de coyuntura > Formación bruta de capital fijo, base 2018 > Series Originales > Índice de volumen físico > Por tipo de bien y origen > Total (Índice base 2018=100) Mensual",61.2
1994 Feb,0 Estados Unidos Mexicanos,"Indicadores económicos de coyuntura > Formación bruta de capital fijo, base 2018 > Series Originales > Índice de volumen físico > Por tipo de bien y origen > Total (Índice base 2018=100) Mensual",64.4
1994 Mar,0 Estados Unidos Mexicanos,"Indicadores económicos de coyuntura > Formación bruta de capital fijo, base 2018 > Series Originales > Índice de volumen físico > Por tipo de bien y origen > Total (Índice base 2018=100) Mensual",66.7
1994 Abr,0 Estados Unidos Mexicanos,"Indicadores económicos de coyuntura > Formación bruta de capital fijo, base 2018 > Series Originales > Índice de volumen físico > Por tipo de bien y origen > Total (Índice base 2018=100) Mensual",65.2
1994 May,0 Estados Unidos Mexicanos,"Indicadores económicos de coyuntura > Formación bruta de capital fijo, base 2018 > Series Originales > Índice de volumen físico > Por tipo de bien y origen > Total (Índice base 2018=100) Mensual",61.3
1994 Jun,0 Estados Unidos Mexicanos,"Indicadores económicos de coyuntura > Formación bruta de capital fijo, base 2018 > Series Originales > Índice de volumen físico > Por tipo de bien y origen > Total (Índice base 2018=100) Mensual",60.8
1994 Jul,0 Estados Unidos Mexicanos,"Indicadores económicos de coyuntura > Formación bruta de capital fijo, base 2018 > Series Originales > Índice de volumen físico > Por tipo de bien y origen > Total (Índice base 2018=100) Mensual",63.4
1994 Ago,0 Estados Unidos Mexicanos,"Indicadores económicos de coyuntura > Formación bruta de capital fijo, base 2018 > Series Originales > Índice de volumen físico > Por tipo de bien y origen > Total (Índice base 2018=100) Mensual",69
1994 Sep,0 Estados Unidos Mexicanos,"Indicadores económicos de coyuntura > Formación bruta de capital fijo, base 2018 > Series Originales > Índice de volumen físico > Por tipo de bien y origen > Total (Índice base 2018=100) Mensual",66.2
1994 Oct,0 Estados Unidos Mexicanos,"Indicadores económicos de coyuntura > Formación bruta de capital fijo, base 2018 > Series Originales > Índice de volumen físico > Por tipo de bien y origen > Total (Índice base 2018=100) Mensual",66.9
1994 Nov,0 Estados Unidos Mexicanos,"Indicadores económicos de coyuntura > Formación bruta de capital fijo, base 2018 > Series Originales > Índice de volumen físico > Por tipo de bien y origen > Total (Índice base 2018=100) Mensual",68
1994 Dic,0 Estados Unidos Mexicanos,"Indicadores económicos de coyuntura > Formación bruta de capital fijo, base 2018 > Series Originales > Índice de volumen físico > Por tipo de bien y origen > Total (Índice base 2018=100) Mensual",66.5
1995 Ene,0 Estados Unidos Mexicanos,"Indicadores económicos de coyuntura > Formación bruta de capital fijo, base 2018 > Series Originales > Índice de volumen físico > Por tipo de bien y origen > Total (Índice base 2018=100) Mensual",51
1995 Feb,0 Estados Unidos Mexicanos,"Indicadores económicos de coyuntura > Formación bruta de capital fijo, base 2018 > Series Originales > Índice de volumen físico > Por tipo de bien y origen > Total (Índice base 2018=100) Mensual",42.3
1995 Mar,0 Estados Unidos Mexicanos,"Indicadores económicos de coyuntura > Formación bruta de capital fijo, base 2018 > Series Originales > Índice de volumen físico > Por tipo de bien y origen > Total (Índice base 2018=100) Mensual",43.3
1995 Abr,0 Estados Unidos Mexicanos,"Indicadores económicos de coyuntura > Formación bruta de capital fijo, base 2018 > Series Originales > Índice de volumen físico > Por tipo de bien y origen > Total (Índice base 2018=100) Mensual",38.3
1995 May,0 Estados Unidos Mexicanos,"Indicadores económicos de coyuntura > Formación bruta de capital fijo, base 2018 > Series Originales > Índice de volumen físico > Por tipo de bien y origen > Total (Índice base 2018=100) Mensual",36.3
1995 Jun,0 Estados Unidos Mexicanos,"Indicadores económicos de coyuntura > Formación bruta de capital fijo, base 2018 > Series Originales > Índice de volumen físico > Por tipo de bien y origen > Total (Índice base 2018=100) Mensual",36.9
1995 Jul,0 Estados Unidos Mexicanos,"Indicadores económicos de coyuntura > Formación bruta de capital fijo, base 2018 > Series Originales > Índice de volumen físico > Por tipo de bien y origen > Total (Índice base 2018=100) Mensual",38.8
1995 Ago,0 Estados Unidos Mexicanos,"Indicadores económicos de coyuntura > Formación bruta de capital fijo, base 2018 > Series Originales > Índice de volumen físico > Por tipo de bien y origen > Total (Índice base 2018=100) Mensual",42.4
1995 Sep,0 Estados Unidos Mexicanos,"Indicadores económicos de coyuntura > Formación bruta de capital fijo, base 2018 > Series Originales > Índice de volumen físico > Por tipo de bien y origen > Total (Índice base 2018=100) Mensual",43.1
1995 Oct,0 Estados Unidos Mexicanos,"Indicadores económicos de coyuntura > Formación bruta de capital fijo, base 2018 > Series Originales > Índice de volumen físico > Por tipo de bien y origen > Total (Índice base 2018=100) Mensual",43.3
1995 Nov,0 Estados Unidos Mexicanos,"Indicadores económicos de coyuntura > Formación bruta de capital fijo, base 2018 > Series Originales > Índice de volumen físico > Por tipo de bien y origen > Total (Índice base 2018=100) Mensual",46.4
1995 Dic,0 Estados Unidos Mexicanos,"Indicadores económicos de coyuntura > Formación bruta de capital fijo, base 2018 > Series Originales > Índice de volumen físico > Por tipo de bien y origen > Total (Índice base 2018=100) Mensual",52
1996 Ene,0 Estados Unidos Mexicanos,"Indicadores económicos de coyuntura > Formación bruta de capital fijo, base 2018 > Series Originales > Índice de volumen físico > Por tipo de bien y origen > Total (Índice base 2018=100) Mensual",47.7
1996 Feb,0 Estados Unidos Mexicanos,"Indicadores económicos de coyuntura > Formación bruta de capital fijo, base 2018 > Series Originales > Índice de volumen físico > Por tipo de bien y origen > Total (Índice base 2018=100) Mensual",46.1
1996 Mar,0 Estados Unidos Mexicanos,"Indicadores económicos de coyuntura > Formación bruta de capital fijo, base 2018 > Series Originales > Índice de volumen físico > Por tipo de bien y origen > Total (Índice base 2018=100) Mensual",46.1
1996 Abr,0 Estados Unidos Mexicanos,"Indicadores económicos de coyuntura > Formación bruta de capital fijo, base 2018 > Series Originales > Índice de volumen físico > Por tipo de bien y origen > Total (Índice base 2018=100) Mensual",44.9
1996 May,0 Estados Unidos Mexicanos,"Indicadores económicos de coyuntura > Formación bruta de capital fijo, base 2018 > Series Originales > Índice de volumen físico > Por tipo de bien y origen > Total (Índice base 2018=100) Mensual",46.6
1996 Jun,0 Estados Unidos Mexicanos,"Indicadores económicos de coyuntura > Formación bruta de capital fijo, base 2018 > Series Originales > Índice de volumen físico > Por tipo de bien y origen > Total (Índice base 2018=100) Mensual",45.9
1996 Jul,0 Estados Unidos Mexicanos,"Indicadores económicos de coyuntura > Formación bruta de capital fijo, base 2018 > Series Originales > Índice de volumen físico > Por tipo de bien y origen > Total (Índice base 2018=100) Mensual",51.4
1996 Ago,0 Estados Unidos Mexicanos,"Indicadores económicos de coyuntura > Formación bruta de capital fijo, base 2018 > Series Originales > Índice de volumen físico > Por tipo de bien y origen > Total (Índice base 2018=100) Mensual",54.3
1996 Sep,0 Estados Unidos Mexicanos,"Indicadores económicos de coyuntura > Formación bruta de capital fijo, base 2018 > Series Originales > Índice de volumen físico > Por tipo de bien y origen > Total (Índice base 2018=100) Mensual",52.9
1996 Oct,0 Estados Unidos Mexicanos,"Indicadores económicos de coyuntura > Formación bruta de capital fijo, base 2018 > Series Originales > Índice de volumen físico > Por tipo de bien y origen > Total (Índice base 2018=100) Mensual",55.7
1996 Nov,0 Estados Unidos Mexicanos,"Indicadores económicos de coyuntura > Formación bruta de capital fijo, base 2018 > Series Originales > Índice de volumen físico > Por tipo de bien y origen > Total (Índice base 2018=100) Mensual",55.8
1996 Dic,0 Estados Unidos Mexicanos,"Indicadores económicos de coyuntura > Formación bruta de capital fijo, base 2018 > Series Originales > Índice de volumen físico > Por tipo de bien y origen > Total (Índice base 2018=100) Mensual",61.9
1997 Ene,0 Estados Unidos Mexicanos,"Indicadores económicos de coyuntura > Formación bruta de capital fijo, base 2018 > Series Originales > Índice de volumen físico > Por tipo de bien y origen > Total (Índice base 2018=100) Mensual",54
1997 Feb,0 Estados Unidos Mexicanos,"Indicadores económicos de coyuntura > Formación bruta de capital fijo, base 2018 > Series Originales > Índice de volumen físico > Por tipo de bien y origen > Total (Índice base 2018=100) Mensual",53.8
1997 Mar,0 Estados Unidos Mexicanos,"Indicadores económicos de coyuntura > Formación bruta de capital fijo, base 2018 > Series Originales > Índice de volumen físico > Por tipo de bien y origen > Total (Índice base 2018=100) Mensual",51.2
1997 Abr,0 Estados Unidos Mexicanos,"Indicadores económicos de coyuntura > Formación bruta de capital fijo, base 2018 > Series Originales > Índice de volumen físico > Por tipo de bien y origen > Total (Índice base 2018=100) Mensual",55.8
1997 May,0 Estados Unidos Mexicanos,"Indicadores económicos de coyuntura > Formación bruta de capital fijo, base 2018 > Series Originales > Índice de volumen físico > Por tipo de bien y origen > Total (Índice base 2018=100) Mensual",55.2
1997 Jun,0 Estados Unidos Mexicanos,"Indicadores económicos de coyuntura > Formación bruta de capital fijo, base 2018 > Series Originales > Índice de volumen físico > Por tipo de bien y origen > Total (Índice base 2018=100) Mensual",53.8
1997 Jul,0 Estados Unidos Mexicanos,"Indicadores económicos de coyuntura > Formación bruta de capital fijo, base 2018 > Series Originales > Índice de volumen físico > Por tipo de bien y origen > Total (Índice base 2018=100) Mensual",59
1997 Ago,0 Estados Unidos Mexicanos,"Indicadores económicos de coyuntura > Formación bruta de capital fijo, base 2018 > Series Originales > Índice de volumen físico > Por tipo de bien y origen > Total (Índice base 2018=100) Mensual",63.4
1997 Sep,0 Estados Unidos Mexicanos,"Indicadores económicos de coyuntura > Formación bruta de capital fijo, base 2018 > Series Originales > Índice de volumen físico > Por tipo de bien y origen > Total (Índice base 2018=100) Mensual",62.3
1997 Oct,0 Estados Unidos Mexicanos,"Indicadores económicos de coyuntura > Formación bruta de capital fijo, base 2018 > Series Originales > Índice de volumen físico > Por tipo de bien y origen > Total (Índice base 2018=100) Mensual",62.2
1997 Nov,0 Estados Unidos Mexicanos,"Indicadores económicos de coyuntura > Formación bruta de capital fijo, base 2018 > Series Originales > Índice de volumen físico > Por tipo de bien y origen > Total (Índice base 2018=100) Mensual",64.2
1997 Dic,0 Estados Unidos Mexicanos,"Indicadores económicos de coyuntura > Formación bruta de capital fijo, base 2018 > Series Originales > Índice de volumen físico > Por tipo de bien y origen > Total (Índice base 2018=100) Mensual",67.8
1998 Ene,0 Estados Unidos Mexicanos,"Indicadores económicos de coyuntura > Formación bruta de capital fijo, base 2018 > Series Originales > Índice de volumen físico > Por tipo de bien y origen > Total (Índice base 2018=100) Mensual",60.5
1998 Feb,0 Estados Unidos Mexicanos,"Indicadores económicos de coyuntura > Formación bruta de capital fijo, base 2018 > Series Originales > Índice de volumen físico > Por tipo de bien y origen > Total (Índice base 2018=100) Mensual",64.8
1998 Mar,0 Estados Unidos Mexicanos,"Indicadores económicos de coyuntura > Formación bruta de capital fijo, base 2018 > Series Originales > Índice de volumen físico > Por tipo de bien y origen > Total (Índice base 2018=100) Mensual",65.9
1998 Abr,0 Estados Unidos Mexicanos,"Indicadores económicos de coyuntura > Formación bruta de capital fijo, base 2018 > Series Originales > Índice de volumen físico > Por tipo de bien y origen > Total (Índice base 2018=100) Mensual",59.7
1998 May,0 Estados Unidos Mexicanos,"Indicadores económicos de coyuntura > Formación bruta de capital fijo, base 2018 > Series Originales > Índice de volumen físico > Por tipo de bien y origen > Total (Índice base 2018=100) Mensual",62.8
1998 Jun,0 Estados Unidos Mexicanos,"Indicadores económicos de coyuntura > Formación bruta de capital fijo, base 2018 > Series Originales > Índice de volumen físico > Por tipo de bien y origen > Total (Índice base 2018=100) Mensual",59.5
1998 Jul,0 Estados Unidos Mexicanos,"Indicadores económicos de coyuntura > Formación bruta de capital fijo, base 2018 > Series Originales > Índice de volumen físico > Por tipo de bien y origen > Total (Índice base 2018=100) Mensual",65
1998 Ago,0 Estados Unidos Mexicanos,"Indicadores económicos de coyuntura > Formación bruta de capital fijo, base 2018 > Series Originales > Índice de volumen físico > Por tipo de bien y origen > Total (Índice base 2018=100) Mensual",67.8
1998 Sep,0 Estados Unidos Mexicanos,"Indicadores económicos de coyuntura > Formación bruta de capital fijo, base 2018 > Series Originales > Índice de volumen físico > Por tipo de bien y origen > Total (Índice base 2018=100) Mensual",68.8
1998 Oct,0 Estados Unidos Mexicanos,"Indicadores económicos de coyuntura > Formación bruta de capital fijo, base 2018 > Series Originales > Índice de volumen físico > Por tipo de bien y origen > Total (Índice base 2018=100) Mensual",66.7
1998 Nov,0 Estados Unidos Mexicanos,"Indicadores económicos de coyuntura > Formación bruta de capital fijo, base 2018 > Series Originales > Índice de volumen físico > Por tipo de bien y origen > Total (Índice base 2018=100) Mensual",65.8
1998 Dic,0 Estados Unidos Mexicanos,"Indicadores económicos de coyuntura > Formación bruta de capital fijo, base 2018 > Series Originales > Índice de volumen físico > Por tipo de bien y origen > Total (Índice base 2018=100) Mensual",71.5
1999 Ene,0 Estados Unidos Mexicanos,"Indicadores económicos de coyuntura > Formación bruta de capital fijo, base 2018 > Series Originales > Índice de volumen físico > Por tipo de bien y origen > Total (Índice base 2018=100) Mensual",65.4
1999 Feb,0 Estados Unidos Mexicanos,"Indicadores económicos de coyuntura > Formación bruta de capital fijo, base 2018 > Series Originales > Índice de volumen físico > Por tipo de bien y origen > Total (Índice base 2018=100) Mensual",67.1
1999 Mar,0 Estados Unidos Mexicanos,"Indicadores económicos de coyuntura > Formación bruta de capital fijo, base 2018 > Series Originales > Índice de volumen físico > Por tipo de bien y origen > Total (Índice base 2018=100) Mensual",69.2
1999 Abr,0 Estados Unidos Mexicanos,"Indicadores económicos de coyuntura > Formación bruta de capital fijo, base 2018 > Series Originales > Índice de volumen físico > Por tipo de bien y origen > Total (Índice base 2018=100) Mensual",62.7
1999 May,0 Estados Unidos Mexicanos,"Indicadores económicos de coyuntura > Formación bruta de capital fijo, base 2018 > Series Originales > Índice de volumen físico > Por tipo de bien y origen > Total (Índice base 2018=100) Mensual",63.5
1999 Jun,0 Estados Unidos Mexicanos,"Indicadores económicos de coyuntura > Formación bruta de capital fijo, base 2018 > Series Originales > Índice de volumen físico > Por tipo de bien y origen > Total (Índice base 2018=100) Mensual",63.1
1999 Jul,0 Estados Unidos Mexicanos,"Indicadores económicos de coyuntura > Formación bruta de capital fijo, base 2018 > Series Originales > Índice de volumen físico > Por tipo de bien y origen > Total (Índice base 2018=100) Mensual",66.2
1999 Ago,0 Estados Unidos Mexicanos,"Indicadores económicos de coyuntura > Formación bruta de capital fijo, base 2018 > Series Originales > Índice de volumen físico > Por tipo de bien y origen > Total (Índice base 2018=100) Mensual",71.3
1999 Sep,0 Estados Unidos Mexicanos,"Indicadores económicos de coyuntura > Formación bruta de capital fijo, base 2018 > Series Originales > Índice de volumen físico > Por tipo de bien y origen > Total (Índice base 2018=100) Mensual",69.8
1999 Oct,0 Estados Unidos Mexicanos,"Indicadores económicos de coyuntura > Formación bruta de capital fijo, base 2018 > Series Originales > Índice de volumen físico > Por tipo de bien y origen > Total (Índice base 2018=100) Mensual",67.5
1999 Nov,0 Estados Unidos Mexicanos,"Indicadores económicos de coyuntura > Formación bruta de capital fijo, base 2018 > Series Originales > Índice de volumen físico > Por tipo de bien y origen > Total (Índice base 2018=100) Mensual",71.6
1999 Dic,0 Estados Unidos Mexicanos,"Indicadores económicos de coyuntura > Formación bruta de capital fijo, base 2018 > Series Originales > Índice de volumen físico > Por tipo de bien y origen > Total (Índice base 2018=100) Mensual",76.5
2000 Ene,0 Estados Unidos Mexicanos,"Indicadores económicos de coyuntura > Formación bruta de capital fijo, base 2018 > Series Originales > Índice de volumen físico > Por tipo de bien y origen > Total (Índice base 2018=100) Mensual",68
2000 Feb,0 Estados Unidos Mexicanos,"Indicadores económicos de coyuntura > Formación bruta de capital fijo, base 2018 > Series Originales > Índice de volumen físico > Por tipo de bien y origen > Total (Índice base 2018=100) Mensual",71.2
2000 Mar,0 Estados Unidos Mexicanos,"Indicadores económicos de coyuntura > Formación bruta de capital fijo, base 2018 > Series Originales > Índice de volumen físico > Por tipo de bien y origen > Total (Índice base 2018=100) Mensual",71.2
2000 Abr,0 Estados Unidos Mexicanos,"Indicadores económicos de coyuntura > Formación bruta de capital fijo, base 2018 > Series Originales > Índice de volumen físico > Por tipo de bien y origen > Total (Índice base 2018=100) Mensual",66.1
2000 May,0 Estados Unidos Mexicanos,"Indicadores económicos de coyuntura > Formación bruta de capital fijo, base 2018 > Series Originales > Índice de volumen físico > Por tipo de bien y origen > Total (Índice base 2018=100) Mensual",69
2000 Jun,0 Estados Unidos Mexicanos,"Indicadores económicos de coyuntura > Formación bruta de capital fijo, base 2018 > Series Originales > Índice de volumen físico > Por tipo de bien y origen > Total (Índice base 2018=100) Mensual",66.6
2000 Jul,0 Estados Unidos Mexicanos,"Indicadores económicos de coyuntura > Formación bruta de capital fijo, base 2018 > Series Originales > Índice de volumen físico > Por tipo de bien y origen > Total (Índice base 2018=100) Mensual",70.7
2000 Ago,0 Estados Unidos Mexicanos,"Indicadores económicos de coyuntura > Formación bruta de capital fijo, base 2018 > Series Originales > Índice de volumen físico > Por tipo de bien y origen > Total (Índice base 2018=100) Mensual",77.8
2000 Sep,0 Estados Unidos Mexicanos,"Indicadores económicos de coyuntura > Formación bruta de capital fijo, base 2018 > Series Originales > Índice de volumen físico > Por tipo de bien y origen > Total (Índice base 2018=100) Mensual",73.2
2000 Oct,0 Estados Unidos Mexicanos,"Indicadores económicos de coyuntura > Formación bruta de capital fijo, base 2018 > Series Originales > Índice de volumen físico > Por tipo de bien y origen > Total (Índice base 2018=100) Mensual",71.8
2000 Nov,0 Estados Unidos Mexicanos,"Indicadores económicos de coyuntura > Formación bruta de capital fijo, base 2018 > Series Originales > Índice de volumen físico > Por tipo de bien y origen > Total (Índice base 2018=100) Mensual",74.5
2000 Dic,0 Estados Unidos Mexicanos,"Indicadores económicos de coyuntura > Formación bruta de capital fijo, base 2018 > Series Originales > Índice de volumen físico > Por tipo de bien y origen > Total (Índice base 2018=100) Mensual",73.4
2001 Ene,0 Estados Unidos Mexicanos,"Indicadores económicos de coyuntura > Formación bruta de capital fijo, base 2018 > Series Originales > Índice de volumen físico > Por tipo de bien y origen > Total (Índice base 2018=100) Mensual",66
2001 Feb,0 Estados Unidos Mexicanos,"Indicadores económicos de coyuntura > Formación bruta de capital fijo, base 2018 > Series Originales > Índice de volumen físico > Por tipo de bien y origen > Total (Índice base 2018=100) Mensual",65.8
2001 Mar,0 Estados Unidos Mexicanos,"Indicadores económicos de coyuntura > Formación bruta de capital fijo, base 2018 > Series Originales > Índice de volumen físico > Por tipo de bien y origen > Total (Índice base 2018=100) Mensual",67.6
2001 Abr,0 Estados Unidos Mexicanos,"Indicadores económicos de coyuntura > Formación bruta de capital fijo, base 2018 > Series Originales > Índice de volumen físico > Por tipo de bien y origen > Total (Índice base 2018=100) Mensual",60.8
2001 May,0 Estados Unidos Mexicanos,"Indicadores económicos de coyuntura > Formación bruta de capital fijo, base 2018 > Series Originales > Índice de volumen físico > Por tipo de bien y origen > Total (Índice base 2018=100) Mensual",62.7
2001 Jun,0 Estados Unidos Mexicanos,"Indicadores económicos de coyuntura > Formación bruta de capital fijo, base 2018 > Series Originales > Índice de volumen físico > Por tipo de bien y origen > Total (Índice base 2018=100) Mensual",60.8
2001 Jul,0 Estados Unidos Mexicanos,"Indicadores económicos de coyuntura > Formación bruta de capital fijo, base 2018 > Series Originales > Índice de volumen físico > Por tipo de bien y origen > Total (Índice base 2018=100) Mensual",66.6
2001 Ago,0 Estados Unidos Mexicanos,"Indicadores económicos de coyuntura > Formación bruta de capital fijo, base 2018 > Series Originales > Índice de volumen físico > Por tipo de bien y origen > Total (Índice base 2018=100) Mensual",71.5
2001 Sep,0 Estados Unidos Mexicanos,"Indicadores económicos de coyuntura > Formación bruta de capital fijo, base 2018 > Series Originales > Índice de volumen físico > Por tipo de bien y origen > Total (Índice base 2018=100) Mensual",67.7
2001 Oct,0 Estados Unidos Mexicanos,"Indicadores económicos de coyuntura > Formación bruta de capital fijo, base 2018 > Series Originales > Índice de volumen físico > Por tipo de bien y origen > Total (Índice base 2018=100) Mensual",65.5
2001 Nov,0 Estados Unidos Mexicanos,"Indicadores económicos de coyuntura > Formación bruta de capital fijo, base 2018 > Series Originales > Índice de volumen físico > Por tipo de bien y origen > Total (Índice base 2018=100) Mensual",69.8
2001 Dic,0 Estados Unidos Mexicanos,"Indicadores económicos de coyuntura > Formación bruta de capital fijo, base 2018 > Series Originales > Índice de volumen físico > Por tipo de bien y origen > Total (Índice base 2018=100) Mensual",71.1
2002 Ene,0 Estados Unidos Mexicanos,"Indicadores económicos de coyuntura > Formación bruta de capital fijo, base 2018 > Series Originales > Índice de volumen físico > Por tipo de bien y origen > Total (Índice base 2018=100) Mensual",62.4
2002 Feb,0 Estados Unidos Mexicanos,"Indicadores económicos de coyuntura > Formación bruta de capital fijo, base 2018 > Series Originales > Índice de volumen físico > Por tipo de bien y origen > Total (Índice base 2018=100) Mensual",62.3
2002 Mar,0 Estados Unidos Mexicanos,"Indicadores económicos de coyuntura > Formación bruta de capital fijo, base 2018 > Series Originales > Índice de volumen físico > Por tipo de bien y origen > Total (Índice base 2018=100) Mensual",59.1
2002 Abr,0 Estados Unidos Mexicanos,"Indicadores económicos de coyuntura > Formación bruta de capital fijo, base 2018 > Series Originales > Índice de volumen físico > Por tipo de bien y origen > Total (Índice base 2018=100) Mensual",63.7
2002 May,0 Estados Unidos Mexicanos,"Indicadores económicos de coyuntura > Formación bruta de capital fijo, base 2018 > Series Originales > Índice de volumen físico > Por tipo de bien y origen > Total (Índice base 2018=100) Mensual",62.3
2002 Jun,0 Estados Unidos Mexicanos,"Indicadores económicos de coyuntura > Formación bruta de capital fijo, base 2018 > Series Originales > Índice de volumen físico > Por tipo de bien y origen > Total (Índice base 2018=100) Mensual",59
2002 Jul,0 Estados Unidos Mexicanos,"Indicadores económicos de coyuntura > Formación bruta de capital fijo, base 2018 > Series Originales > Índice de volumen físico > Por tipo de bien y origen > Total (Índice base 2018=100) Mensual",65.6
2002 Ago,0 Estados Unidos Mexicanos,"Indicadores económicos de coyuntura > Formación bruta de capital fijo, base 2018 > Series Originales > Índice de volumen físico > Por tipo de bien y origen > Total (Índice base 2018=100) Mensual",68.5
2002 Sep,0 Estados Unidos Mexicanos,"Indicadores económicos de coyuntura > Formación bruta de capital fijo, base 2018 > Series Originales > Índice de volumen físico > Por tipo de bien y origen > Total (Índice base 2018=100) Mensual",67
2002 Oct,0 Estados Unidos Mexicanos,"Indicadores económicos de coyuntura > Formación bruta de capital fijo, base 2018 > Series Originales > Índice de volumen físico > Por tipo de bien y origen > Total (Índice base 2018=100) Mensual",66.8
2002 Nov,0 Estados Unidos Mexicanos,"Indicadores económicos de coyuntura > Formación bruta de capital fijo, base 2018 > Series Originales > Índice de volumen físico > Por tipo de bien y origen > Total (Índice base 2018=100) Mensual",70.4
2002 Dic,0 Estados Unidos Mexicanos,"Indicadores económicos de coyuntura > Formación bruta de capital fijo, base 2018 > Series Originales > Índice de volumen físico > Por tipo de bien y origen > Total (Índice base 2018=100) Mensual",71
2003 Ene,0 Estados Unidos Mexicanos,"Indicadores económicos de coyuntura > Formación bruta de capital fijo, base 2018 > Series Originales > Índice de volumen físico > Por tipo de bien y origen > Total (Índice base 2018=100) Mensual",63.7
2003 Feb,0 Estados Unidos Mexicanos,"Indicadores económicos de coyuntura > Formación bruta de capital fijo, base 2018 > Series Originales > Índice de volumen físico > Por tipo de bien y origen > Total (Índice base 2018=100) Mensual",65.3
2003 Mar,0 Estados Unidos Mexicanos,"Indicadores económicos de coyuntura > Formación bruta de capital fijo, base 2018 > Series Originales > Índice de volumen físico > Por tipo de bien y origen > Total (Índice base 2018=100) Mensual",66.2
2003 Abr,0 Estados Unidos Mexicanos,"Indicadores económicos de coyuntura > Formación bruta de capital fijo, base 2018 > Series Originales > Índice de volumen físico > Por tipo de bien y origen > Total (Índice base 2018=100) Mensual",64.5
2003 May,0 Estados Unidos Mexicanos,"Indicadores económicos de coyuntura > Formación bruta de capital fijo, base 2018 > Series Originales > Índice de volumen físico > Por tipo de bien y origen > Total (Índice base 2018=100) Mensual",63.4
2003 Jun,0 Estados Unidos Mexicanos,"Indicadores económicos de coyuntura > Formación bruta de capital fijo, base 2018 > Series Originales > Índice de volumen físico > Por tipo de bien y origen > Total (Índice base 2018=100) Mensual",62
2003 Jul,0 Estados Unidos Mexicanos,"Indicadores económicos de coyuntura > Formación bruta de capital fijo, base 2018 > Series Originales > Índice de volumen físico > Por tipo de bien y origen > Total (Índice base 2018=100) Mensual",67.3
2003 Ago,0 Estados Unidos Mexicanos,"Indicadores económicos de coyuntura > Formación bruta de capital fijo, base 2018 > Series Originales > Índice de volumen físico > Por tipo de bien y origen > Total (Índice base 2018=100) Mensual",68
2003 Sep,0 Estados Unidos Mexicanos,"Indicadores económicos de coyuntura > Formación bruta de capital fijo, base 2018 > Series Originales > Índice de volumen físico > Por tipo de bien y origen > Total (Índice base 2018=100) Mensual",65.9
2003 Oct,0 Estados Unidos Mexicanos,"Indicadores económicos de coyuntura > Formación bruta de capital fijo, base 2018 > Series Originales > Índice de volumen físico > Por tipo de bien y origen > Total (Índice base 2018=100) Mensual",66.8
2003 Nov,0 Estados Unidos Mexicanos,"Indicadores económicos de coyuntura > Formación bruta de capital fijo, base 2018 > Series Originales > Índice de volumen físico > Por tipo de bien y origen > Total (Índice base 2018=100) Mensual",67.4
2003 Dic,0 Estados Unidos Mexicanos,"Indicadores económicos de coyuntura > Formación bruta de capital fijo, base 2018 > Series Originales > Índice de volumen físico > Por tipo de bien y origen > Total (Índice base 2018=100) Mensual",72.5
2004 Ene,0 Estados Unidos Mexicanos,"Indicadores económicos de coyuntura > Formación bruta de capital fijo, base 2018 > Series Originales > Índice de volumen físico > Por tipo de bien y origen > Total (Índice base 2018=100) Mensual",67.4
2004 Feb,0 Estados Unidos Mexicanos,"Indicadores económicos de coyuntura > Formación bruta de capital fijo, base 2018 > Series Originales > Índice de volumen físico > Por tipo de bien y origen > Total (Índice base 2018=100) Mensual",65.7
2004 Mar,0 Estados Unidos Mexicanos,"Indicadores económicos de coyuntura > Formación bruta de capital fijo, base 2018 > Series Originales > Índice de volumen físico > Por tipo de bien y origen > Total (Índice base 2018=100) Mensual",71.9
2004 Abr,0 Estados Unidos Mexicanos,"Indicadores económicos de coyuntura > Formación bruta de capital fijo, base 2018 > Series Originales > Índice de volumen físico > Por tipo de bien y origen > Total (Índice base 2018=100) Mensual",68.6
2004 May,0 Estados Unidos Mexicanos,"Indicadores económicos de coyuntura > Formación bruta de capital fijo, base 2018 > Series Originales > Índice de volumen físico > Por tipo de bien y origen > Total (Índice base 2018=100) Mensual",66.8
2004 Jun,0 Estados Unidos Mexicanos,"Indicadores económicos de coyuntura > Formación bruta de capital fijo, base 2018 > Series Originales > Índice de volumen físico > Por tipo de bien y origen > Total (Índice base 2018=100) Mensual",67.6
2004 Jul,0 Estados Unidos Mexicanos,"Indicadores económicos de coyuntura > Formación bruta de capital fijo, base 2018 > Series Originales > Índice de volumen físico > Por tipo de bien y origen > Total (Índice base 2018=100) Mensual",70.5
2004 Ago,0 Estados Unidos Mexicanos,"Indicadores económicos de coyuntura > Formación bruta de capital fijo, base 2018 > Series Originales > Índice de volumen físico > Por tipo de bien y origen > Total (Índice base 2018=100) Mensual",70.3
2004 Sep,0 Estados Unidos Mexicanos,"Indicadores económicos de coyuntura > Formación bruta de capital fijo, base 2018 > Series Originales > Índice de volumen físico > Por tipo de bien y origen > Total (Índice base 2018=100) Mensual",70.6
2004 Oct,0 Estados Unidos Mexicanos,"Indicadores económicos de coyuntura > Formación bruta de capital fijo, base 2018 > Series Originales > Índice de volumen físico > Por tipo de bien y origen > Total (Índice base 2018=100) Mensual",70.8
2004 Nov,0 Estados Unidos Mexicanos,"Indicadores económicos de coyuntura > Formación bruta de capital fijo, base 2018 > Series Originales > Índice de volumen físico > Por tipo de bien y origen > Total (Índice base 2018=100) Mensual",76.3
2004 Dic,0 Estados Unidos Mexicanos,"Indicadores económicos de coyuntura > Formación bruta de capital fijo, base 2018 > Series Originales > Índice de volumen físico > Por tipo de bien y origen > Total (Índice base 2018=100) Mensual",79
2005 Ene,0 Estados Unidos Mexicanos,"Indicadores económicos de coyuntura > Formación bruta de capital fijo, base 2018 > Series Originales > Índice de volumen físico > Por tipo de bien y origen > Total (Índice base 2018=100) Mensual",69.8
2005 Feb,0 Estados Unidos Mexicanos,"Indicadores económicos de coyuntura > Formación bruta de capital fijo, base 2018 > Series Originales > Índice de volumen físico > Por tipo de bien y origen > Total (Índice base 2018=100) Mensual",67.9
2005 Mar,0 Estados Unidos Mexicanos,"Indicadores económicos de coyuntura > Formación bruta de capital fijo, base 2018 > Series Originales > Índice de volumen físico > Por tipo de bien y origen > Total (Índice base 2018=100) Mensual",71.4
2005 Abr,0 Estados Unidos Mexicanos,"Indicadores económicos de coyuntura > Formación bruta de capital fijo, base 2018 > Series Originales > Índice de volumen físico > Por tipo de bien y origen > Total (Índice base 2018=100) Mensual",73.6
2005 May,0 Estados Unidos Mexicanos,"Indicadores económicos de coyuntura > Formación bruta de capital fijo, base 2018 > Series Originales > Índice de volumen físico > Por tipo de bien y origen > Total (Índice base 2018=100) Mensual",69.7
2005 Jun,0 Estados Unidos Mexicanos,"Indicadores económicos de coyuntura > Formación bruta de capital fijo, base 2018 > Series Originales > Índice de volumen físico > Por tipo de bien y origen > Total (Índice base 2018=100) Mensual",70.1
2005 Jul,0 Estados Unidos Mexicanos,"Indicadores económicos de coyuntura > Formación bruta de capital fijo, base 2018 > Series Originales > Índice de volumen físico > Por tipo de bien y origen > Total (Índice base 2018=100) Mensual",71.6
2005 Ago,0 Estados Unidos Mexicanos,"Indicadores económicos de coyuntura > Formación bruta de capital fijo, base 2018 > Series Originales > Índice de volumen físico > Por tipo de bien y origen > Total (Índice base 2018=100) Mensual",75.2
2005 Sep,0 Estados Unidos Mexicanos,"Indicadores económicos de coyuntura > Formación bruta de capital fijo, base 2018 > Series Originales > Índice de volumen físico > Por tipo de bien y origen > Total (Índice base 2018=100) Mensual",74.7
2005 Oct,0 Estados Unidos Mexicanos,"Indicadores económicos de coyuntura > Formación bruta de capital fijo, base 2018 > Series Originales > Índice de volumen físico > Por tipo de bien y origen > Total (Índice base 2018=100) Mensual",74.5
2005 Nov,0 Estados Unidos Mexicanos,"Indicadores económicos de coyuntura > Formación bruta de capital fijo, base 2018 > Series Originales > Índice de volumen físico > Por tipo de bien y origen > Total (Índice base 2018=100) Mensual",82.3
2005 Dic,0 Estados Unidos Mexicanos,"Indicadores económicos de coyuntura > Formación bruta de capital fijo, base 2018 > Series Originales > Índice de volumen físico > Por tipo de bien y origen > Total (Índice base 2018=100) Mensual",86.1
2006 Ene,0 Estados Unidos Mexicanos,"Indicadores económicos de coyuntura > Formación bruta de capital fijo, base 2018 > Series Originales > Índice de volumen físico > Por tipo de bien y origen > Total (Índice base 2018=100) Mensual",75.1
2006 Feb,0 Estados Unidos Mexicanos,"Indicadores económicos de coyuntura > Formación bruta de capital fijo, base 2018 > Series Originales > Índice de volumen físico > Por tipo de bien y origen > Total (Índice base 2018=100) Mensual",73
2006 Mar,0 Estados Unidos Mexicanos,"Indicadores económicos de coyuntura > Formación bruta de capital fijo, base 2018 > Series Originales > Índice de volumen físico > Por tipo de bien y origen > Total (Índice base 2018=100) Mensual",81.3
2006 Abr,0 Estados Unidos Mexicanos,"Indicadores económicos de coyuntura > Formación bruta de capital fijo, base 2018 > Series Originales > Índice de volumen físico > Por tipo de bien y origen > Total (Índice base 2018=100) Mensual",77
2006 May,0 Estados Unidos Mexicanos,"Indicadores económicos de coyuntura > Formación bruta de capital fijo, base 2018 > Series Originales > Índice de volumen físico > Por tipo de bien y origen > Total (Índice base 2018=100) Mensual",78.8
2006 Jun,0 Estados Unidos Mexicanos,"Indicadores económicos de coyuntura > Formación bruta de capital fijo, base 2018 > Series Originales > Índice de volumen físico > Por tipo de bien y origen > Total (Índice base 2018=100) Mensual",77.6
2006 Jul,0 Estados Unidos Mexicanos,"Indicadores económicos de coyuntura > Formación bruta de capital fijo, base 2018 > Series Originales > Índice de volumen físico > Por tipo de bien y origen > Total (Índice base 2018=100) Mensual",80.4
2006 Ago,0 Estados Unidos Mexicanos,"Indicadores económicos de coyuntura > Formación bruta de capital fijo, base 2018 > Series Originales > Índice de volumen físico > Por tipo de bien y origen > Total (Índice base 2018=100) Mensual",84
2006 Sep,0 Estados Unidos Mexicanos,"Indicadores económicos de coyuntura > Formación bruta de capital fijo, base 2018 > Series Originales > Índice de volumen físico > Por tipo de bien y origen > Total (Índice base 2018=100) Mensual",83.4
2006 Oct,0 Estados Unidos Mexicanos,"Indicadores económicos de coyuntura > Formación bruta de capital fijo, base 2018 > Series Originales > Índice de volumen físico > Por tipo de bien y origen > Total (Índice base 2018=100) Mensual",83.4
2006 Nov,0 Estados Unidos Mexicanos,"Indicadores económicos de coyuntura > Formación bruta de capital fijo, base 2018 > Series Originales > Índice de volumen físico > Por tipo de bien y origen > Total (Índice base 2018=100) Mensual",88.4
2006 Dic,0 Estados Unidos Mexicanos,"Indicadores económicos de coyuntura > Formación bruta de capital fijo, base 2018 > Series Originales > Índice de volumen físico > Por tipo de bien y origen > Total (Índice base 2018=100) Mensual",91.1
2007 Ene,0 Estados Unidos Mexicanos,"Indicadores económicos de coyuntura > Formación bruta de capital fijo, base 2018 > Series Originales > Índice de volumen físico > Por tipo de bien y origen > Total (Índice base 2018=100) Mensual",78.2
2007 Feb,0 Estados Unidos Mexicanos,"Indicadores económicos de coyuntura > Formación bruta de capital fijo, base 2018 > Series Originales > Índice de volumen físico > Por tipo de bien y origen > Total (Índice base 2018=100) Mensual",78
2007 Mar,0 Estados Unidos Mexicanos,"Indicadores económicos de coyuntura > Formación bruta de capital fijo, base 2018 > Series Originales > Índice de volumen físico > Por tipo de bien y origen > Total (Índice base 2018=100) Mensual",84.1
2007 Abr,0 Estados Unidos Mexicanos,"Indicadores económicos de coyuntura > Formación bruta de capital fijo, base 2018 > Series Originales > Índice de volumen físico > Por tipo de bien y origen > Total (Índice base 2018=100) Mensual",81.4
2007 May,0 Estados Unidos Mexicanos,"Indicadores económicos de coyuntura > Formación bruta de capital fijo, base 2018 > Series Originales > Índice de volumen físico > Por tipo de bien y origen > Total (Índice base 2018=100) Mensual",83.3
2007 Jun,0 Estados Unidos Mexicanos,"Indicadores económicos de coyuntura > Formación bruta de capital fijo, base 2018 > Series Originales > Índice de volumen físico > Por tipo de bien y origen > Total (Índice base 2018=100) Mensual",80.5
2007 Jul,0 Estados Unidos Mexicanos,"Indicadores económicos de coyuntura > Formación bruta de capital fijo, base 2018 > Series Originales > Índice de volumen físico > Por tipo de bien y origen > Total (Índice base 2018=100) Mensual",86.8
2007 Ago,0 Estados Unidos Mexicanos,"Indicadores económicos de coyuntura > Formación bruta de capital fijo, base 2018 > Series Originales > Índice de volumen físico > Por tipo de bien y origen > Total (Índice base 2018=100) Mensual",88.8
2007 Sep,0 Estados Unidos Mexicanos,"Indicadores económicos de coyuntura > Formación bruta de capital fijo, base 2018 > Series Originales > Índice de volumen físico > Por tipo de bien y origen > Total (Índice base 2018=100) Mensual",90.9
2007 Oct,0 Estados Unidos Mexicanos,"Indicadores económicos de coyuntura > Formación bruta de capital fijo, base 2018 > Series Originales > Índice de volumen físico > Por tipo de bien y origen > Total (Índice base 2018=100) Mensual",94.2
2007 Nov,0 Estados Unidos Mexicanos,"Indicadores económicos de coyuntura > Formación bruta de capital fijo, base 2018 > Series Originales > Índice de volumen físico > Por tipo de bien y origen > Total (Índice base 2018=100) Mensual",97.1
2007 Dic,0 Estados Unidos Mexicanos,"Indicadores económicos de coyuntura > Formación bruta de capital fijo, base 2018 > Series Originales > Índice de volumen físico > Por tipo de bien y origen > Total (Índice base 2018=100) Mensual",99.2
2008 Ene,0 Estados Unidos Mexicanos,"Indicadores económicos de coyuntura > Formación bruta de capital fijo, base 2018 > Series Originales > Índice de volumen físico > Por tipo de bien y origen > Total (Índice base 2018=100) Mensual",88.5
2008 Feb,0 Estados Unidos Mexicanos,"Indicadores económicos de coyuntura > Formación bruta de capital fijo, base 2018 > Series Originales > Índice de volumen físico > Por tipo de bien y origen > Total (Índice base 2018=100) Mensual",89.6
2008 Mar,0 Estados Unidos Mexicanos,"Indicadores económicos de coyuntura > Formación bruta de capital fijo, base 2018 > Series Originales > Índice de volumen físico > Por tipo de bien y origen > Total (Índice base 2018=100) Mensual",86.1
2008 Abr,0 Estados Unidos Mexicanos,"Indicadores económicos de coyuntura > Formación bruta de capital fijo, base 2018 > Series Originales > Índice de volumen físico > Por tipo de bien y origen > Total (Índice base 2018=100) Mensual",95.3
2008 May,0 Estados Unidos Mexicanos,"Indicadores económicos de coyuntura > Formación bruta de capital fijo, base 2018 > Series Originales > Índice de volumen físico > Por tipo de bien y origen > Total (Índice base 2018=100) Mensual",92.4
2008 Jun,0 Estados Unidos Mexicanos,"Indicadores económicos de coyuntura > Formación bruta de capital fijo, base 2018 > Series Originales > Índice de volumen físico > Por tipo de bien y origen > Total (Índice base 2018=100) Mensual",92.2
2008 Jul,0 Estados Unidos Mexicanos,"Indicadores económicos de coyuntura > Formación bruta de capital fijo, base 2018 > Series Originales > Índice de volumen físico > Por tipo de bien y origen > Total (Índice base 2018=100) Mensual",99.9
2008 Ago,0 Estados Unidos Mexicanos,"Indicadores económicos de coyuntura > Formación bruta de capital fijo, base 2018 > Series Originales > Índice de volumen físico > Por tipo de bien y origen > Total (Índice base 2018=100) Mensual",91.6
2008 Sep,0 Estados Unidos Mexicanos,"Indicadores económicos de coyuntura > Formación bruta de capital fijo, base 2018 > Series Originales > Índice de volumen físico > Por tipo de bien y origen > Total (Índice base 2018=100) Mensual",90.6
2008 Oct,0 Estados Unidos Mexicanos,"Indicadores económicos de coyuntura > Formación bruta de capital fijo, base 2018 > Series Originales > Índice de volumen físico > Por tipo de bien y origen > Total (Índice base 2018=100) Mensual",96
2008 Nov,0 Estados Unidos Mexicanos,"Indicadores económicos de coyuntura > Formación bruta de capital fijo, base 2018 > Series Originales > Índice de volumen físico > Por tipo de bien y origen > Total (Índice base 2018=100) Mensual",93.7
2008 Dic,0 Estados Unidos Mexicanos,"Indicadores económicos de coyuntura > Formación bruta de capital fijo, base 2018 > Series Originales > Índice de volumen físico > Por tipo de bien y origen > Total (Índice base 2018=100) Mensual",96.5
2009 Ene,0 Estados Unidos Mexicanos,"Indicadores económicos de coyuntura > Formación bruta de capital fijo, base 2018 > Series Originales > Índice de volumen físico > Por tipo de bien y origen > Total (Índice base 2018=100) Mensual",78.4
2009 Feb,0 Estados Unidos Mexicanos,"Indicadores económicos de coyuntura > Formación bruta de capital fijo, base 2018 > Series Originales > Índice de volumen físico > Por tipo de bien y origen > Total (Índice base 2018=100) Mensual",75.3
2009 Mar,0 Estados Unidos Mexicanos,"Indicadores económicos de coyuntura > Formación bruta de capital fijo, base 2018 > Series Originales > Índice de volumen físico > Por tipo de bien y origen > Total (Índice base 2018=100) Mensual",78.9
2009 Abr,0 Estados Unidos Mexicanos,"Indicadores económicos de coyuntura > Formación bruta de capital fijo, base 2018 > Series Originales > Índice de volumen físico > Por tipo de bien y origen > Total (Índice base 2018=100) Mensual",77.8
2009 May,0 Estados Unidos Mexicanos,"Indicadores económicos de coyuntura > Formación bruta de capital fijo, base 2018 > Series Originales > Índice de volumen físico > Por tipo de bien y origen > Total (Índice base 2018=100) Mensual",76.9
2009 Jun,0 Estados Unidos Mexicanos,"Indicadores económicos de coyuntura > Formación bruta de capital fijo, base 2018 > Series Originales > Índice de volumen físico > Por tipo de bien y origen > Total (Índice base 2018=100) Mensual",79.6
2009 Jul,0 Estados Unidos Mexicanos,"Indicadores económicos de coyuntura > Formación bruta de capital fijo, base 2018 > Series Originales > Índice de volumen físico > Por tipo de bien y origen > Total (Índice base 2018=100) Mensual",85.1
2009 Ago,0 Estados Unidos Mexicanos,"Indicadores económicos de coyuntura > Formación bruta de capital fijo, base 2018 > Series Originales > Índice de volumen físico > Por tipo de bien y origen > Total (Índice base 2018=100) Mensual",79.7
2009 Sep,0 Estados Unidos Mexicanos,"Indicadores económicos de coyuntura > Formación bruta de capital fijo, base 2018 > Series Originales > Índice de volumen físico > Por tipo de bien y origen > Total (Índice base 2018=100) Mensual",81.3
2009 Oct,0 Estados Unidos Mexicanos,"Indicadores económicos de coyuntura > Formación bruta de capital fijo, base 2018 > Series Originales > Índice de volumen físico > Por tipo de bien y origen > Total (Índice base 2018=100) Mensual",85.6
2009 Nov,0 Estados Unidos Mexicanos,"Indicadores económicos de coyuntura > Formación bruta de capital fijo, base 2018 > Series Originales > Índice de volumen físico > Por tipo de bien y origen > Total (Índice base 2018=100) Mensual",85.3
2009 Dic,0 Estados Unidos Mexicanos,"Indicadores económicos de coyuntura > Formación bruta de capital fijo, base 2018 > Series Originales > Índice de volumen físico > Por tipo de bien y origen > Total (Índice base 2018=100) Mensual",94.7
2010 Ene,0 Estados Unidos Mexicanos,"Indicadores económicos de coyuntura > Formación bruta de capital fijo, base 2018 > Series Originales > Índice de volumen físico > Por tipo de bien y origen > Total (Índice base 2018=100) Mensual",80
2010 Feb,0 Estados Unidos Mexicanos,"Indicadores económicos de coyuntura > Formación bruta de capital fijo, base 2018 > Series Originales > Índice de volumen físico > Por tipo de bien y origen > Total (Índice base 2018=100) Mensual",77.3
2010 Mar,0 Estados Unidos Mexicanos,"Indicadores económicos de coyuntura > Formación bruta de capital fijo, base 2018 > Series Originales > Índice de volumen físico > Por tipo de bien y origen > Total (Índice base 2018=100) Mensual",84.9
2010 Abr,0 Estados Unidos Mexicanos,"Indicadores económicos de coyuntura > Formación bruta de capital fijo, base 2018 > Series Originales > Índice de volumen físico > Por tipo de bien y origen > Total (Índice base 2018=100) Mensual",84.6
2010 May,0 Estados Unidos Mexicanos,"Indicadores económicos de coyuntura > Formación bruta de capital fijo, base 2018 > Series Originales > Índice de volumen físico > Por tipo de bien y origen > Total (Índice base 2018=100) Mensual",81.6
2010 Jun,0 Estados Unidos Mexicanos,"Indicadores económicos de coyuntura > Formación bruta de capital fijo, base 2018 > Series Originales > Índice de volumen físico > Por tipo de bien y origen > Total (Índice base 2018=100) Mensual",84
2010 Jul,0 Estados Unidos Mexicanos,"Indicadores económicos de coyuntura > Formación bruta de capital fijo, base 2018 > Series Originales > Índice de volumen físico > Por tipo de bien y origen > Total (Índice base 2018=100) Mensual",86.1
2010 Ago,0 Estados Unidos Mexicanos,"Indicadores económicos de coyuntura > Formación bruta de capital fijo, base 2018 > Series Originales > Índice de volumen físico > Por tipo de bien y origen > Total (Índice base 2018=100) Mensual",85.2
2010 Sep,0 Estados Unidos Mexicanos,"Indicadores económicos de coyuntura > Formación bruta de capital fijo, base 2018 > Series Originales > Índice de volumen físico > Por tipo de bien y origen > Total (Índice base 2018=100) Mensual",86
2010 Oct,0 Estados Unidos Mexicanos,"Indicadores económicos de coyuntura > Formación bruta de capital fijo, base 2018 > Series Originales > Índice de volumen físico > Por tipo de bien y origen > Total (Índice base 2018=100) Mensual",91.6
2010 Nov,0 Estados Unidos Mexicanos,"Indicadores económicos de coyuntura > Formación bruta de capital fijo, base 2018 > Series Originales > Índice de volumen físico > Por tipo de bien y origen > Total (Índice base 2018=100) Mensual",94.9
2010 Dic,0 Estados Unidos Mexicanos,"Indicadores económicos de coyuntura > Formación bruta de capital fijo, base 2018 > Series Originales > Índice de volumen físico > Por tipo de bien y origen > Total (Índice base 2018=100) Mensual",102.3
2011 Ene,0 Estados Unidos Mexicanos,"Indicadores económicos de coyuntura > Formación bruta de capital fijo, base 2018 > Series Originales > Índice de volumen físico > Por tipo de bien y origen > Total (Índice base 2018=100) Mensual",85.7
2011 Feb,0 Estados Unidos Mexicanos,"Indicadores económicos de coyuntura > Formación bruta de capital fijo, base 2018 > Series Originales > Índice de volumen físico > Por tipo de bien y origen > Total (Índice base 2018=100) Mensual",82
2011 Mar,0 Estados Unidos Mexicanos,"Indicadores económicos de coyuntura > Formación bruta de capital fijo, base 2018 > Series Originales > Índice de volumen físico > Por tipo de bien y origen > Total (Índice base 2018=100) Mensual",87.1
2011 Abr,0 Estados Unidos Mexicanos,"Indicadores económicos de coyuntura > Formación bruta de capital fijo, base 2018 > Series Originales > Índice de volumen físico > Por tipo de bien y origen > Total (Índice base 2018=100) Mensual",86.3
2011 May,0 Estados Unidos Mexicanos,"Indicadores económicos de coyuntura > Formación bruta de capital fijo, base 2018 > Series Originales > Índice de volumen físico > Por tipo de bien y origen > Total (Índice base 2018=100) Mensual",88.8
2011 Jun,0 Estados Unidos Mexicanos,"Indicadores económicos de coyuntura > Formación bruta de capital fijo, base 2018 > Series Originales > Índice de volumen físico > Por tipo de bien y origen > Total (Índice base 2018=100) Mensual",93.3
2011 Jul,0 Estados Unidos Mexicanos,"Indicadores económicos de coyuntura > Formación bruta de capital fijo, base 2018 > Series Originales > Índice de volumen físico > Por tipo de bien y origen > Total (Índice base 2018=100) Mensual",95.5
2011 Ago,0 Estados Unidos Mexicanos,"Indicadores económicos de coyuntura > Formación bruta de capital fijo, base 2018 > Series Originales > Índice de volumen físico > Por tipo de bien y origen > Total (Índice base 2018=100) Mensual",97.4
2011 Sep,0 Estados Unidos Mexicanos,"Indicadores económicos de coyuntura > Formación bruta de capital fijo, base 2018 > Series Originales > Índice de volumen físico > Por tipo de bien y origen > Total (Índice base 2018=100) Mensual",93.4
2011 Oct,0 Estados Unidos Mexicanos,"Indicadores económicos de coyuntura > Formación bruta de capital fijo, base 2018 > Series Originales > Índice de volumen físico > Por tipo de bien y origen > Total (Índice base 2018=100) Mensual",100.3
2011 Nov,0 Estados Unidos Mexicanos,"Indicadores económicos de coyuntura > Formación bruta de capital fijo, base 2018 > Series Originales > Índice de volumen físico > Por tipo de bien y origen > Total (Índice base 2018=100) Mensual",105.6
2011 Dic,0 Estados Unidos Mexicanos,"Indicadores económicos de coyuntura > Formación bruta de capital fijo, base 2018 > Series Originales > Índice de volumen físico > Por tipo de bien y origen > Total (Índice base 2018=100) Mensual",112.7
2012 Ene,0 Estados Unidos Mexicanos,"Indicadores económicos de coyuntura > Formación bruta de capital fijo, base 2018 > Series Originales > Índice de volumen físico > Por tipo de bien y origen > Total (Índice base 2018=100) Mensual",89.9
2012 Feb,0 Estados Unidos Mexicanos,"Indicadores económicos de coyuntura > Formación bruta de capital fijo, base 2018 > Series Originales > Índice de volumen físico > Por tipo de bien y origen > Total (Índice base 2018=100) Mensual",91.7
2012 Mar,0 Estados Unidos Mexicanos,"Indicadores económicos de coyuntura > Formación bruta de capital fijo, base 2018 > Series Originales > Índice de volumen físico > Por tipo de bien y origen > Total (Índice base 2018=100) Mensual",94.1
2012 Abr,0 Estados Unidos Mexicanos,"Indicadores económicos de coyuntura > Formación bruta de capital fijo, base 2018 > Series Originales > Índice de volumen físico > Por tipo de bien y origen > Total (Índice base 2018=100) Mensual",93.7
2012 May,0 Estados Unidos Mexicanos,"Indicadores económicos de coyuntura > Formación bruta de capital fijo, base 2018 > Series Originales > Índice de volumen físico > Por tipo de bien y origen > Total (Índice base 2018=100) Mensual",96
2012 Jun,0 Estados Unidos Mexicanos,"Indicadores económicos de coyuntura > Formación bruta de capital fijo, base 2018 > Series Originales > Índice de volumen físico > Por tipo de bien y origen > Total (Índice base 2018=100) Mensual",93.1
2012 Jul,0 Estados Unidos Mexicanos,"Indicadores económicos de coyuntura > Formación bruta de capital fijo, base 2018 > Series Originales > Índice de volumen físico > Por tipo de bien y origen > Total (Índice base 2018=100) Mensual",101
2012 Ago,0 Estados Unidos Mexicanos,"Indicadores económicos de coyuntura > Formación bruta de capital fijo, base 2018 > Series Originales > Índice de volumen físico > Por tipo de bien y origen > Total (Índice base 2018=100) Mensual",97.9
2012 Sep,0 Estados Unidos Mexicanos,"Indicadores económicos de coyuntura > Formación bruta de capital fijo, base 2018 > Series Originales > Índice de volumen físico > Por tipo de bien y origen > Total (Índice base 2018=100) Mensual",96.7
2012 Oct,0 Estados Unidos Mexicanos,"Indicadores económicos de coyuntura > Formación bruta de capital fijo, base 2018 > Series Originales > Índice de volumen físico > Por tipo de bien y origen > Total (Índice base 2018=100) Mensual",103.5
2012 Nov,0 Estados Unidos Mexicanos,"Indicadores económicos de coyuntura > Formación bruta de capital fijo, base 2018 > Series Originales > Índice de volumen físico > Por tipo de bien y origen > Total (Índice base 2018=100) Mensual",107.1
2012 Dic,0 Estados Unidos Mexicanos,"Indicadores económicos de coyuntura > Formación bruta de capital fijo, base 2018 > Series Originales > Índice de volumen físico > Por tipo de bien y origen > Total (Índice base 2018=100) Mensual",105.3
2013 Ene,0 Estados Unidos Mexicanos,"Indicadores económicos de coyuntura > Formación bruta de capital fijo, base 2018 > Series Originales > Índice de volumen físico > Por tipo de bien y origen > Total (Índice base 2018=100) Mensual",88
2013 Feb,0 Estados Unidos Mexicanos,"Indicadores económicos de coyuntura > Formación bruta de capital fijo, base 2018 > Series Originales > Índice de volumen físico > Por tipo de bien y origen > Total (Índice base 2018=100) Mensual",90.6
2013 Mar,0 Estados Unidos Mexicanos,"Indicadores económicos de coyuntura > Formación bruta de capital fijo, base 2018 > Series Originales > Índice de volumen físico > Por tipo de bien y origen > Total (Índice base 2018=100) Mensual",88.1
2013 Abr,0 Estados Unidos Mexicanos,"Indicadores económicos de coyuntura > Formación bruta de capital fijo, base 2018 > Series Originales > Índice de volumen físico > Por tipo de bien y origen > Total (Índice base 2018=100) Mensual",94.7
2013 May,0 Estados Unidos Mexicanos,"Indicadores económicos de coyuntura > Formación bruta de capital fijo, base 2018 > Series Originales > Índice de volumen físico > Por tipo de bien y origen > Total (Índice base 2018=100) Mensual",92.9
2013 Jun,0 Estados Unidos Mexicanos,"Indicadores económicos de coyuntura > Formación bruta de capital fijo, base 2018 > Series Originales > Índice de volumen físico > Por tipo de bien y origen > Total (Índice base 2018=100) Mensual",87.3
2013 Jul,0 Estados Unidos Mexicanos,"Indicadores económicos de coyuntura > Formación bruta de capital fijo, base 2018 > Series Originales > Índice de volumen físico > Por tipo de bien y origen > Total (Índice base 2018=100) Mensual",96.2
2013 Ago,0 Estados Unidos Mexicanos,"Indicadores económicos de coyuntura > Formación bruta de capital fijo, base 2018 > Series Originales > Índice de volumen físico > Por tipo de bien y origen > Total (Índice base 2018=100) Mensual",92
2013 Sep,0 Estados Unidos Mexicanos,"Indicadores económicos de coyuntura > Formación bruta de capital fijo, base 2018 > Series Originales > Índice de volumen físico > Por tipo de bien y origen > Total (Índice base 2018=100) Mensual",89.7
2013 Oct,0 Estados Unidos Mexicanos,"Indicadores económicos de coyuntura > Formación bruta de capital fijo, base 2018 > Series Originales > Índice de volumen físico > Por tipo de bien y origen > Total (Índice base 2018=100) Mensual",98.4
2013 Nov,0 Estados Unidos Mexicanos,"Indicadores económicos de coyuntura > Formación bruta de capital fijo, base 2018 > Series Originales > Índice de volumen físico > Por tipo de bien y origen > Total (Índice base 2018=100) Mensual",98.8
2013 Dic,0 Estados Unidos Mexicanos,"Indicadores económicos de coyuntura > Formación bruta de capital fijo, base 2018 > Series Originales > Índice de volumen físico > Por tipo de bien y origen > Total (Índice base 2018=100) Mensual",105.3
2014 Ene,0 Estados Unidos Mexicanos,"Indicadores económicos de coyuntura > Formación bruta de capital fijo, base 2018 > Series Originales > Índice de volumen físico > Por tipo de bien y origen > Total (Índice base 2018=100) Mensual",84.5
2014 Feb,0 Estados Unidos Mexicanos,"Indicadores económicos de coyuntura > Formación bruta de capital fijo, base 2018 > Series Originales > Índice de volumen físico > Por tipo de bien y origen > Total (Índice base 2018=100) Mensual",88.5
2014 Mar,0 Estados Unidos Mexicanos,"Indicadores económicos de coyuntura > Formación bruta de capital fijo, base 2018 > Series Originales > Índice de volumen físico > Por tipo de bien y origen > Total (Índice base 2018=100) Mensual",92.1
2014 Abr,0 Estados Unidos Mexicanos,"Indicadores económicos de coyuntura > Formación bruta de capital fijo, base 2018 > Series Originales > Índice de volumen físico > Por tipo de bien y origen > Total (Índice base 2018=100) Mensual",92.2
2014 May,0 Estados Unidos Mexicanos,"Indicadores económicos de coyuntura > Formación bruta de capital fijo, base 2018 > Series Originales > Índice de volumen físico > Por tipo de bien y origen > Total (Índice base 2018=100) Mensual",92.3
2014 Jun,0 Estados Unidos Mexicanos,"Indicadores económicos de coyuntura > Formación bruta de capital fijo, base 2018 > Series Originales > Índice de volumen físico > Por tipo de bien y origen > Total (Índice base 2018=100) Mensual",91.7
2014 Jul,0 Estados Unidos Mexicanos,"Indicadores económicos de coyuntura > Formación bruta de capital fijo, base 2018 > Series Originales > Índice de volumen físico > Por tipo de bien y origen > Total (Índice base 2018=100) Mensual",96.5
2014 Ago,0 Estados Unidos Mexicanos,"Indicadores económicos de coyuntura > Formación bruta de capital fijo, base 2018 > Series Originales > Índice de volumen físico > Por tipo de bien y origen > Total (Índice base 2018=100) Mensual",94.8
2014 Sep,0 Estados Unidos Mexicanos,"Indicadores económicos de coyuntura > Formación bruta de capital fijo, base 2018 > Series Originales > Índice de volumen físico > Por tipo de bien y origen > Total (Índice base 2018=100) Mensual",94.5
2014 Oct,0 Estados Unidos Mexicanos,"Indicadores económicos de coyuntura > Formación bruta de capital fijo, base 2018 > Series Originales > Índice de volumen físico > Por tipo de bien y origen > Total (Índice base 2018=100) Mensual",105.6
2014 Nov,0 Estados Unidos Mexicanos,"Indicadores económicos de coyuntura > Formación bruta de capital fijo, base 2018 > Series Originales > Índice de volumen físico > Por tipo de bien y origen > Total (Índice base 2018=100) Mensual",105.2
2014 Dic,0 Estados Unidos Mexicanos,"Indicadores económicos de coyuntura > Formación bruta de capital fijo, base 2018 > Series Originales > Índice de volumen físico > Por tipo de bien y origen > Total (Índice base 2018=100) Mensual",111
2015 Ene,0 Estados Unidos Mexicanos,"Indicadores económicos de coyuntura > Formación bruta de capital fijo, base 2018 > Series Originales > Índice de volumen físico > Por tipo de bien y origen > Total (Índice base 2018=100) Mensual",91.2
2015 Feb,0 Estados Unidos Mexicanos,"Indicadores económicos de coyuntura > Formación bruta de capital fijo, base 2018 > Series Originales > Índice de volumen físico > Por tipo de bien y origen > Total (Índice base 2018=100) Mensual",89.5
2015 Mar,0 Estados Unidos Mexicanos,"Indicadores económicos de coyuntura > Formación bruta de capital fijo, base 2018 > Series Originales > Índice de volumen físico > Por tipo de bien y origen > Total (Índice base 2018=100) Mensual",94.6
2015 Abr,0 Estados Unidos Mexicanos,"Indicadores económicos de coyuntura > Formación bruta de capital fijo, base 2018 > Series Originales > Índice de volumen físico > Por tipo de bien y origen > Total (Índice base 2018=100) Mensual",96.6
2015 May,0 Estados Unidos Mexicanos,"Indicadores económicos de coyuntura > Formación bruta de capital fijo, base 2018 > Series Originales > Índice de volumen físico > Por tipo de bien y origen > Total (Índice base 2018=100) Mensual",94.3
2015 Jun,0 Estados Unidos Mexicanos,"Indicadores económicos de coyuntura > Formación bruta de capital fijo, base 2018 > Series Originales > Índice de volumen físico > Por tipo de bien y origen > Total (Índice base 2018=100) Mensual",98.6
2015 Jul,0 Estados Unidos Mexicanos,"Indicadores económicos de coyuntura > Formación bruta de capital fijo, base 2018 > Series Originales > Índice de volumen físico > Por tipo de bien y origen > Total (Índice base 2018=100) Mensual",104.4
2015 Ago,0 Estados Unidos Mexicanos,"Indicadores económicos de coyuntura > Formación bruta de capital fijo, base 2018 > Series Originales > Índice de volumen físico > Por tipo de bien y origen > Total (Índice base 2018=100) Mensual",102.1
2015 Sep,0 Estados Unidos Mexicanos,"Indicadores económicos de coyuntura > Formación bruta de capital fijo, base 2018 > Series Originales > Índice de volumen físico > Por tipo de bien y origen > Total (Índice base 2018=100) Mensual",104.4
2015 Oct,0 Estados Unidos Mexicanos,"Indicadores económicos de coyuntura > Formación bruta de capital fijo, base 2018 > Series Originales > Índice de volumen físico > Por tipo de bien y origen > Total (Índice base 2018=100) Mensual",104.8
2015 Nov,0 Estados Unidos Mexicanos,"Indicadores económicos de coyuntura > Formación bruta de capital fijo, base 2018 > Series Originales > Índice de volumen físico > Por tipo de bien y origen > Total (Índice base 2018=100) Mensual",108
2015 Dic,0 Estados Unidos Mexicanos,"Indicadores económicos de coyuntura > Formación bruta de capital fijo, base 2018 > Series Originales > Índice de volumen físico > Por tipo de bien y origen > Total (Índice base 2018=100) Mensual",111.9
2016 Ene,0 Estados Unidos Mexicanos,"Indicadores económicos de coyuntura > Formación bruta de capital fijo, base 2018 > Series Originales > Índice de volumen físico > Por tipo de bien y origen > Total (Índice base 2018=100) Mensual",90.7
2016 Feb,0 Estados Unidos Mexicanos,"Indicadores económicos de coyuntura > Formación bruta de capital fijo, base 2018 > Series Originales > Índice de volumen físico > Por tipo de bien y origen > Total (Índice base 2018=100) Mensual",95.9
2016 Mar,0 Estados Unidos Mexicanos,"Indicadores económicos de coyuntura > Formación bruta de capital fijo, base 2018 > Series Originales > Índice de volumen físico > Por tipo de bien y origen > Total (Índice base 2018=100) Mensual",94
2016 Abr,0 Estados Unidos Mexicanos,"Indicadores económicos de coyuntura > Formación bruta de capital fijo, base 2018 > Series Originales > Índice de volumen físico > Por tipo de bien y origen > Total (Índice base 2018=100) Mensual",99.1
2016 May,0 Estados Unidos Mexicanos,"Indicadores económicos de coyuntura > Formación bruta de capital fijo, base 2018 > Series Originales > Índice de volumen físico > Por tipo de bien y origen > Total (Índice base 2018=100) Mensual",95
2016 Jun,0 Estados Unidos Mexicanos,"Indicadores económicos de coyuntura > Formación bruta de capital fijo, base 2018 > Series Originales > Índice de volumen físico > Por tipo de bien y origen > Total (Índice base 2018=100) Mensual",97.9
2016 Jul,0 Estados Unidos Mexicanos,"Indicadores económicos de coyuntura > Formación bruta de capital fijo, base 2018 > Series Originales > Índice de volumen físico > Por tipo de bien y origen > Total (Índice base 2018=100) Mensual",96.6
2016 Ago,0 Estados Unidos Mexicanos,"Indicadores económicos de coyuntura > Formación bruta de capital fijo, base 2018 > Series Originales > Índice de volumen físico > Por tipo de bien y origen > Total (Índice base 2018=100) Mensual",103.2
2016 Sep,0 Estados Unidos Mexicanos,"Indicadores económicos de coyuntura > Formación bruta de capital fijo, base 2018 > Series Originales > Índice de volumen físico > Por tipo de bien y origen > Total (Índice base 2018=100) Mensual",102.2
2016 Oct,0 Estados Unidos Mexicanos,"Indicadores económicos de coyuntura > Formación bruta de capital fijo, base 2018 > Series Originales > Índice de volumen físico > Por tipo de bien y origen > Total (Índice base 2018=100) Mensual",104.4
2016 Nov,0 Estados Unidos Mexicanos,"Indicadores económicos de coyuntura > Formación bruta de capital fijo, base 2018 > Series Originales > Índice de volumen físico > Por tipo de bien y origen > Total (Índice base 2018=100) Mensual",111
2016 Dic,0 Estados Unidos Mexicanos,"Indicadores económicos de coyuntura > Formación bruta de capital fijo, base 2018 > Series Originales > Índice de volumen físico > Por tipo de bien y origen > Total (Índice base 2018=100) Mensual",115.3
2017 Ene,0 Estados Unidos Mexicanos,"Indicadores económicos de coyuntura > Formación bruta de capital fijo, base 2018 > Series Originales > Índice de volumen físico > Por tipo de bien y origen > Total (Índice base 2018=100) Mensual",93.7
2017 Feb,0 Estados Unidos Mexicanos,"Indicadores económicos de coyuntura > Formación bruta de capital fijo, base 2018 > Series Originales > Índice de volumen físico > Por tipo de bien y origen > Total (Índice base 2018=100) Mensual",92.9
2017 Mar,0 Estados Unidos Mexicanos,"Indicadores económicos de coyuntura > Formación bruta de capital fijo, base 2018 > Series Originales > Índice de volumen físico > Por tipo de bien y origen > Total (Índice base 2018=100) Mensual",99.9
2017 Abr,0 Estados Unidos Mexicanos,"Indicadores económicos de coyuntura > Formación bruta de capital fijo, base 2018 > Series Originales > Índice de volumen físico > Por tipo de bien y origen > Total (Índice base 2018=100) Mensual",89.8
2017 May,0 Estados Unidos Mexicanos,"Indicadores económicos de coyuntura > Formación bruta de capital fijo, base 2018 > Series Originales > Índice de volumen físico > Por tipo de bien y origen > Total (Índice base 2018=100) Mensual",97.9
2017 Jun,0 Estados Unidos Mexicanos,"Indicadores económicos de coyuntura > Formación bruta de capital fijo, base 2018 > Series Originales > Índice de volumen físico > Por tipo de bien y origen > Total (Índice base 2018=100) Mensual",99.4
2017 Jul,0 Estados Unidos Mexicanos,"Indicadores económicos de coyuntura > Formación bruta de capital fijo, base 2018 > Series Originales > Índice de volumen físico > Por tipo de bien y origen > Total (Índice base 2018=100) Mensual",98
2017 Ago,0 Estados Unidos Mexicanos,"Indicadores económicos de coyuntura > Formación bruta de capital fijo, base 2018 > Series Originales > Índice de volumen físico > Por tipo de bien y origen > Total (Índice base 2018=100) Mensual",102.9
2017 Sep,0 Estados Unidos Mexicanos,"Indicadores económicos de coyuntura > Formación bruta de capital fijo, base 2018 > Series Originales > Índice de volumen físico > Por tipo de bien y origen > Total (Índice base 2018=100) Mensual",101.6
2017 Oct,0 Estados Unidos Mexicanos,"Indicadores económicos de coyuntura > Formación bruta de capital fijo, base 2018 > Series Originales > Índice de volumen físico > Por tipo de bien y origen > Total (Índice base 2018=100) Mensual",102
2017 Nov,0 Estados Unidos Mexicanos,"Indicadores económicos de coyuntura > Formación bruta de capital fijo, base 2018 > Series Originales > Índice de volumen físico > Por tipo de bien y origen > Total (Índice base 2018=100) Mensual",105.3
2017 Dic,0 Estados Unidos Mexicanos,"Indicadores económicos de coyuntura > Formación bruta de capital fijo, base 2018 > Series Originales > Índice de volumen físico > Por tipo de bien y origen > Total (Índice base 2018=100) Mensual",112.5
2018 Ene,0 Estados Unidos Mexicanos,"Indicadores económicos de coyuntura > Formación bruta de capital fijo, base 2018 > Series Originales > Índice de volumen físico > Por tipo de bien y origen > Total (Índice base 2018=100) Mensual",96
2018 Feb,0 Estados Unidos Mexicanos,"Indicadores económicos de coyuntura > Formación bruta de capital fijo, base 2018 > Series Originales > Índice de volumen físico > Por tipo de bien y origen > Total (Índice base 2018=100) Mensual",95.5
2018 Mar,0 Estados Unidos Mexicanos,"Indicadores económicos de coyuntura > Formación bruta de capital fijo, base 2018 > Series Originales > Índice de volumen físico > Por tipo de bien y origen > Total (Índice base 2018=100) Mensual",96.2
2018 Abr,0 Estados Unidos Mexicanos,"Indicadores económicos de coyuntura > Formación bruta de capital fijo, base 2018 > Series Originales > Índice de volumen físico > Por tipo de bien y origen > Total (Índice base 2018=100) Mensual",98.4
2018 May,0 Estados Unidos Mexicanos,"Indicadores económicos de coyuntura > Formación bruta de capital fijo, base 2018 > Series Originales > Índice de volumen físico > Por tipo de bien y origen > Total (Índice base 2018=100) Mensual",101.2
2018 Jun,0 Estados Unidos Mexicanos,"Indicadores económicos de coyuntura > Formación bruta de capital fijo, base 2018 > Series Originales > Índice de volumen físico > Por tipo de bien y origen > Total (Índice base 2018=100) Mensual",100.3
2018 Jul,0 Estados Unidos Mexicanos,"Indicadores económicos de coyuntura > Formación bruta de capital fijo, base 2018 > Series Originales > Índice de volumen físico > Por tipo de bien y origen > Total (Índice base 2018=100) Mensual",101.8
2018 Ago,0 Estados Unidos Mexicanos,"Indicadores económicos de coyuntura > Formación bruta de capital fijo, base 2018 > Series Originales > Índice de volumen físico > Por tipo de bien y origen > Total (Índice base 2018=100) Mensual",101.3
2018 Sep,0 Estados Unidos Mexicanos,"Indicadores económicos de coyuntura > Formación bruta de capital fijo, base 2018 > Series Originales > Índice de volumen físico > Por tipo de bien y origen > Total (Índice base 2018=100) Mensual",101.3
2018 Oct,0 Estados Unidos Mexicanos,"Indicadores económicos de coyuntura > Formación bruta de capital fijo, base 2018 > Series Originales > Índice de volumen físico > Por tipo de bien y origen > Total (Índice base 2018=100) Mensual",105.6
2018 Nov,0 Estados Unidos Mexicanos,"Indicadores económicos de coyuntura > Formación bruta de capital fijo, base 2018 > Series Originales > Índice de volumen físico > Por tipo de bien y origen > Total (Índice base 2018=100) Mensual",100.3
2018 Dic,0 Estados Unidos Mexicanos,"Indicadores económicos de coyuntura > Formación bruta de capital fijo, base 2018 > Series Originales > Índice de volumen físico > Por tipo de bien y origen > Total (Índice base 2018=100) Mensual",102.1
2019 Ene,0 Estados Unidos Mexicanos,"Indicadores económicos de coyuntura > Formación bruta de capital fijo, base 2018 > Series Originales > Índice de volumen físico > Por tipo de bien y origen > Total (Índice base 2018=100) Mensual",96.3
2019 Feb,0 Estados Unidos Mexicanos,"Indicadores económicos de coyuntura > Formación bruta de capital fijo, base 2018 > Series Originales > Índice de volumen físico > Por tipo de bien y origen > Total (Índice base 2018=100) Mensual",92.8
2019 Mar,0 Estados Unidos Mexicanos,"Indicadores económicos de coyuntura > Formación bruta de capital fijo, base 2018 > Series Originales > Índice de volumen físico > Por tipo de bien y origen > Total (Índice base 2018=100) Mensual",95.3
2019 Abr,0 Estados Unidos Mexicanos,"Indicadores económicos de coyuntura > Formación bruta de capital fijo, base 2018 > Series Originales > Índice de volumen físico > Por tipo de bien y origen > Total (Índice base 2018=100) Mensual",94.6
2019 May,0 Estados Unidos Mexicanos,"Indicadores económicos de coyuntura > Formación bruta de capital fijo, base 2018 > Series Originales > Índice de volumen físico > Por tipo de bien y origen > Total (Índice base 2018=100) Mensual",94.7
2019 Jun,0 Estados Unidos Mexicanos,"Indicadores económicos de coyuntura > Formación bruta de capital fijo, base 2018 > Series Originales > Índice de volumen físico > Por tipo de bien y origen > Total (Índice base 2018=100) Mensual",92.3
2019 Jul,0 Estados Unidos Mexicanos,"Indicadores económicos de coyuntura > Formación bruta de capital fijo, base 2018 > Series Originales > Índice de volumen físico > Por tipo de bien y origen > Total (Índice base 2018=100) Mensual",94.8
2019 Ago,0 Estados Unidos Mexicanos,"Indicadores económicos de coyuntura > Formación bruta de capital fijo, base 2018 > Series Originales > Índice de volumen físico > Por tipo de bien y origen > Total (Índice base 2018=100) Mensual",97.3
2019 Sep,0 Estados Unidos Mexicanos,"Indicadores económicos de coyuntura > Formación bruta de capital fijo, base 2018 > Series Originales > Índice de volumen físico > Por tipo de bien y origen > Total (Índice base 2018=100) Mensual",92.5
2019 Oct,0 Estados Unidos Mexicanos,"Indicadores económicos de coyuntura > Formación bruta de capital fijo, base 2018 > Series Originales > Índice de volumen físico > Por tipo de bien y origen > Total (Índice base 2018=100) Mensual",96.7
2019 Nov,0 Estados Unidos Mexicanos,"Indicadores económicos de coyuntura > Formación bruta de capital fijo, base 2018 > Series Originales > Índice de volumen físico > Por tipo de bien y origen > Total (Índice base 2018=100) Mensual",98
2019 Dic,0 Estados Unidos Mexicanos,"Indicadores económicos de coyuntura > Formación bruta de capital fijo, base 2018 > Series Originales > Índice de volumen físico > Por tipo de bien y origen > Total (Índice base 2018=100) Mensual",99.1
2020 Ene,0 Estados Unidos Mexicanos,"Indicadores económicos de coyuntura > Formación bruta de capital fijo, base 2018 > Series Originales > Índice de volumen físico > Por tipo de bien y origen > Total (Índice base 2018=100) Mensual",89.8
2020 Feb,0 Estados Unidos Mexicanos,"Indicadores económicos de coyuntura > Formación bruta de capital fijo, base 2018 > Series Originales > Índice de volumen físico > Por tipo de bien y origen > Total (Índice base 2018=100) Mensual",85.5
2020 Mar,0 Estados Unidos Mexicanos,"Indicadores económicos de coyuntura > Formación bruta de capital fijo, base 2018 > Series Originales > Índice de volumen físico > Por tipo de bien y origen > Total (Índice base 2018=100) Mensual",86.6
2020 Abr,0 Estados Unidos Mexicanos,"Indicadores económicos de coyuntura > Formación bruta de capital fijo, base 2018 > Series Originales > Índice de volumen físico > Por tipo de bien y origen > Total (Índice base 2018=100) Mensual",59.8
2020 May,0 Estados Unidos Mexicanos,"Indicadores económicos de coyuntura > Formación bruta de capital fijo, base 2018 > Series Originales > Índice de volumen físico > Por tipo de bien y origen > Total (Índice base 2018=100) Mensual",58.8
2020 Jun,0 Estados Unidos Mexicanos,"Indicadores económicos de coyuntura > Formación bruta de capital fijo, base 2018 > Series Originales > Índice de volumen físico > Por tipo de bien y origen > Total (Índice base 2018=100) Mensual",71.8
2020 Jul,0 Estados Unidos Mexicanos,"Indicadores económicos de coyuntura > Formación bruta de capital fijo, base 2018 > Series Originales > Índice de volumen físico > Por tipo de bien y origen > Total (Índice base 2018=100) Mensual",74.9
2020 Ago,0 Estados Unidos Mexicanos,"Indicadores económicos de coyuntura > Formación bruta de capital fijo, base 2018 > Series Originales > Índice de volumen físico > Por tipo de bien y origen > Total (Índice base 2018=100) Mensual",78.6
2020 Sep,0 Estados Unidos Mexicanos,"Indicadores económicos de coyuntura > Formación bruta de capital fijo, base 2018 > Series Originales > Índice de volumen físico > Por tipo de bien y origen > Total (Índice base 2018=100) Mensual",78.9
2020 Oct,0 Estados Unidos Mexicanos,"Indicadores económicos de coyuntura > Formación bruta de capital fijo, base 2018 > Series Originales > Índice de volumen físico > Por tipo de bien y origen > Total (Índice base 2018=100) Mensual",81.7
2020 Nov,0 Estados Unidos Mexicanos,"Indicadores económicos de coyuntura > Formación bruta de capital fijo, base 2018 > Series Originales > Índice de volumen físico > Por tipo de bien y origen > Total (Índice base 2018=100) Mensual",88
2020 Dic,0 Estados Unidos Mexicanos,"Indicadores económicos de coyuntura > Formación bruta de capital fijo, base 2018 > Series Originales > Índice de volumen físico > Por tipo de bien y origen > Total (Índice base 2018=100) Mensual",89.2
2021 Ene,0 Estados Unidos Mexicanos,"Indicadores económicos de coyuntura > Formación bruta de capital fijo, base 2018 > Series Originales > Índice de volumen físico > Por tipo de bien y origen > Total (Índice base 2018=100) Mensual",80.2
2021 Feb,0 Estados Unidos Mexicanos,"Indicadores económicos de coyuntura > Formación bruta de capital fijo, base 2018 > Series Originales > Índice de volumen físico > Por tipo de bien y origen > Total (Índice base 2018=100) Mensual",81.2
2021 Mar,0 Estados Unidos Mexicanos,"Indicadores económicos de coyuntura > Formación bruta de capital fijo, base 2018 > Series Originales > Índice de volumen físico > Por tipo de bien y origen > Total (Índice base 2018=100) Mensual",89.2
2021 Abr,0 Estados Unidos Mexicanos,"Indicadores económicos de coyuntura > Formación bruta de capital fijo, base 2018 > Series Originales > Índice de volumen físico > Por tipo de bien y origen > Total (Índice base 2018=100) Mensual",86.7
2021 May,0 Estados Unidos Mexicanos,"Indicadores económicos de coyuntura > Formación bruta de capital fijo, base 2018 > Series Originales > Índice de volumen físico > Por tipo de bien y origen > Total (Índice base 2018=100) Mensual",85.9
2021 Jun,0 Estados Unidos Mexicanos,"Indicadores económicos de coyuntura > Formación bruta de capital fijo, base 2018 > Series Originales > Índice de volumen físico > Por tipo de bien y origen > Total (Índice base 2018=100) Mensual",82.6
2021 Jul,0 Estados Unidos Mexicanos,"Indicadores económicos de coyuntura > Formación bruta de capital fijo, base 2018 > Series Originales > Índice de volumen físico > Por tipo de bien y origen > Total (Índice base 2018=100) Mensual",86.4
2021 Ago,0 Estados Unidos Mexicanos,"Indicadores económicos de coyuntura > Formación bruta de capital fijo, base 2018 > Series Originales > Índice de volumen físico > Por tipo de bien y origen > Total (Índice base 2018=100) Mensual",90.5
2021 Sep,0 Estados Unidos Mexicanos,"Indicadores económicos de coyuntura > Formación bruta de capital fijo, base 2018 > Series Originales > Índice de volumen físico > Por tipo de bien y origen > Total (Índice base 2018=100) Mensual",86
2021 Oct,0 Estados Unidos Mexicanos,"Indicadores económicos de coyuntura > Formación bruta de capital fijo, base 2018 > Series Originales > Índice de volumen físico > Por tipo de bien y origen > Total (Índice base 2018=100) Mensual",87.8
2021 Nov,0 Estados Unidos Mexicanos,"Indicadores económicos de coyuntura > Formación bruta de capital fijo, base 2018 > Series Originales > Índice de volumen físico > Por tipo de bien y origen > Total (Índice base 2018=100) Mensual",92.3
2021 Dic,0 Estados Unidos Mexicanos,"Indicadores económicos de coyuntura > Formación bruta de capital fijo, base 2018 > Series Originales > Índice de volumen físico > Por tipo de bien y origen > Total (Índice base 2018=100) Mensual",95.2
2022 Ene,0 Estados Unidos Mexicanos,"Indicadores económicos de coyuntura > Formación bruta de capital fijo, base 2018 > Series Originales > Índice de volumen físico > Por tipo de bien y origen > Total (Índice base 2018=100) Mensual",87.4
2022 Feb,0 Estados Unidos Mexicanos,"Indicadores económicos de coyuntura > Formación bruta de capital fijo, base 2018 > Series Originales > Índice de volumen físico > Por tipo de bien y origen > Total (Índice base 2018=100) Mensual",86.3
2022 Mar,0 Estados Unidos Mexicanos,"Indicadores económicos de coyuntura > Formación bruta de capital fijo, base 2018 > Series Originales > Índice de volumen físico > Por tipo de bien y origen > Total (Índice base 2018=100) Mensual",97
2022 Abr,0 Estados Unidos Mexicanos,"Indicadores económicos de coyuntura > Formación bruta de capital fijo, base 2018 > Series Originales > Índice de volumen físico > Por tipo de bien y origen > Total (Índice base 2018=100) Mensual",93
2022 May,0 Estados Unidos Mexicanos,"Indicadores económicos de coyuntura > Formación bruta de capital fijo, base 2018 > Series Originales > Índice de volumen físico > Por tipo de bien y origen > Total (Índice base 2018=100) Mensual",93.8
2022 Jun,0 Estados Unidos Mexicanos,"Indicadores económicos de coyuntura > Formación bruta de capital fijo, base 2018 > Series Originales > Índice de volumen físico > Por tipo de bien y origen > Total (Índice base 2018=100) Mensual",91
2022 Jul,0 Estados Unidos Mexicanos,"Indicadores económicos de coyuntura > Formación bruta de capital fijo, base 2018 > Series Originales > Índice de volumen físico > Por tipo de bien y origen > Total (Índice base 2018=100) Mensual",90
2022 Ago,0 Estados Unidos Mexicanos,"Indicadores económicos de coyuntura > Formación bruta de capital fijo, base 2018 > Series Originales > Índice de volumen físico > Por tipo de bien y origen > Total (Índice base 2018=100) Mensual",97.8
2022 Sep,0 Estados Unidos Mexicanos,"Indicadores económicos de coyuntura > Formación bruta de capital fijo, base 2018 > Series Originales > Índice de volumen físico > Por tipo de bien y origen > Total (Índice base 2018=100) Mensual",91.4
2022 Oct,0 Estados Unidos Mexicanos,"Indicadores económicos de coyuntura > Formación bruta de capital fijo, base 2018 > Series Originales > Índice de volumen físico > Por tipo de bien y origen > Total (Índice base 2018=100) Mensual",95
2022 Nov,0 Estados Unidos Mexicanos,"Indicadores económicos de coyuntura > Formación bruta de capital fijo, base 2018 > Series Originales > Índice de volumen físico > Por tipo de bien y origen > Total (Índice base 2018=100) Mensual",100.6
2022 Dic,0 Estados Unidos Mexicanos,"Indicadores económicos de coyuntura > Formación bruta de capital fijo, base 2018 > Series Originales > Índice de volumen físico > Por tipo de bien y origen > Total (Índice base 2018=100) Mensual",106.6
2023 Ene,0 Estados Unidos Mexicanos,"Indicadores económicos de coyuntura > Formación bruta de capital fijo, base 2018 > Series Originales > Índice de volumen físico > Por tipo de bien y origen > Total (Índice base 2018=100) Mensual",96.1
2023 Feb,0 Estados Unidos Mexicanos,"Indicadores económicos de coyuntura > Formación bruta de capital fijo, base 2018 > Series Originales > Índice de volumen físico > Por tipo de bien y origen > Total (Índice base 2018=100) Mensual",96.6
2023 Mar,0 Estados Unidos Mexicanos,"Indicadores económicos de coyuntura > Formación bruta de capital fijo, base 2018 > Series Originales > Índice de volumen físico > Por tipo de bien y origen > Total (Índice base 2018=100) Mensual",105.5
2023 Abr,0 Estados Unidos Mexicanos,"Indicadores económicos de coyuntura > Formación bruta de capital fijo, base 2018 > Series Originales > Índice de volumen físico > Por tipo de bien y origen > Total (Índice base 2018=100) Mensual",98.9
2023 May,0 Estados Unidos Mexicanos,"Indicadores económicos de coyuntura > Formación bruta de capital fijo, base 2018 > Series Originales > Índice de volumen físico > Por tipo de bien y origen > Total (Índice base 2018=100) Mensual",108.7
2023 Jun,0 Estados Unidos Mexicanos,"Indicadores económicos de coyuntura > Formación bruta de capital fijo, base 2018 > Series Originales > Índice de volumen físico > Por tipo de bien y origen > Total (Índice base 2018=100) Mensual",105.8
2023 Jul,0 Estados Unidos Mexicanos,"Indicadores económicos de coyuntura > Formación bruta de capital fijo, base 2018 > Series Originales > Índice de volumen físico > Por tipo de bien y origen > Total (Índice base 2018=100) Mensual",104.5
2023 Ago,0 Estados Unidos Mexicanos,"Indicadores económicos de coyuntura > Formación bruta de capital fijo, base 2018 > Series Originales > Índice de volumen físico > Por tipo de bien y origen > Total (Índice base 2018=100) Mensual",111.9
2023 Sep,0 Estados Unidos Mexicanos,"Indicadores económicos de coyuntura > Formación bruta de capital fijo, base 2018 > Series Originales > Índice de volumen físico > Por tipo de bien y origen > Total (Índice base 2018=100) Mensual",108.2
2023 Oct,0 Estados Unidos Mexicanos,"Indicadores económicos de coyuntura > Formación bruta de capital fijo, base 2018 > Series Originales > Índice de volumen físico > Por tipo de bien y origen > Total (Índice base 2018=100) Mensual",115.8
2023 Nov,0 Estados Unidos Mexicanos,"Indicadores económicos de coyuntura > Formación bruta de capital fijo, base 2018 > Series Originales > Índice de volumen físico > Por tipo de bien y origen > Total (Índice base 2018=100) Mensual",115.5
2023 Dic,0 Estados Unidos Mexicanos,"Indicadores económicos de coyuntura > Formación bruta de capital fijo, base 2018 > Series Originales > Índice de volumen físico > Por tipo de bien y origen > Total (Índice base 2018=100) Mensual",117.2
2024 Ene,0 Estados Unidos Mexicanos,"Indicadores económicos de coyuntura > Formación bruta de capital fijo, base 2018 > Series Originales > Índice de volumen físico > Por tipo de bien y origen > Total (Índice base 2018=100) Mensual",107.9
2024 Feb,0 Estados Unidos Mexicanos,"Indicadores económicos de coyuntura > Formación bruta de capital fijo, base 2018 > Series Originales > Índice de volumen físico > Por tipo de bien y origen > Total (Índice base 2018=100) Mensual",107
2024 Mar,0 Estados Unidos Mexicanos,"Indicadores económicos de coyuntura > Formación bruta de capital fijo, base 2018 > Series Originales > Índice de volumen físico > Por tipo de bien y origen > Total (Índice base 2018=100) Mensual",106.2
2024 Abr,0 Estados Unidos Mexicanos,"Indicadores económicos de coyuntura > Formación bruta de capital fijo, base 2018 > Series Originales > Índice de volumen físico > Por tipo de bien y origen > Total (Índice base 2018=100) Mensual",115.2
2024 May,0 Estados Unidos Mexicanos,"Indicadores económicos de coyuntura > Formación bruta de capital fijo, base 2018 > Series Originales > Índice de volumen físico > Por tipo de bien y origen > Total (Índice base 2018=100) Mensual",115.1
2024 Jun,0 Estados Unidos Mexicanos,"Indicadores económicos de coyuntura > Formación bruta de capital fijo, base 2018 > Series Originales > Índice de volumen físico > Por tipo de bien y origen > Total (Índice base 2018=100) Mensual",105.6
2024 Jul,0 Estados Unidos Mexicanos,"Indicadores económicos de coyuntura > Formación bruta de capital fijo, base 2018 > Series Originales > Índice de volumen físico > Por tipo de bien y origen > Total (Índice base 2018=100) Mensual",114.2
2024 Ago,0 Estados Unidos Mexicanos,"Indicadores económicos de coyuntura > Formación bruta de capital fijo, base 2018 > Series Originales > Índice de volumen físico > Por tipo de bien y origen > Total (Índice base 2018=100) Mensual",114.3
2024 Sep,0 Estados Unidos Mexicanos,"Indicadores económicos de coyuntura > Formación bruta de capital fijo, base 2018 > Series Originales > Índice de volumen físico > Por tipo de bien y origen > Total (Índice base 2018=100) Mensual",106.2
2024 Oct,0 Estados Unidos Mexicanos,"Indicadores económicos de coyuntura > Formación bruta de capital fijo, base 2018 > Series Originales > Índice de volumen físico > Por tipo de bien y origen > Total (Índice base 2018=100) Mensual",113.8
2024 Nov,0 Estados Unidos Mexicanos,"Indicadores económicos de coyuntura > Formación bruta de capital fijo, base 2018 > Series Originales > Índice de volumen físico > Por tipo de bien y origen > Total (Índice base 2018=100) Mensual",114.8
2024 Dic,0 Estados Unidos Mexicanos,"Indicadores económicos de coyuntura > Formación bruta de capital fijo, base 2018 > Series Originales > Índice de volumen físico > Por tipo de bien y origen > Total (Índice base 2018=100) Mensual",111.2
2025 Ene,0 Estados Unidos Mexicanos,"Indicadores económicos de coyuntura > Formación bruta de capital fijo, base 2018 > Series Originales > Índice de volumen físico > Por tipo de bien y origen > Total (Índice base 2018=100) Mensual",99.6
2025 Feb,0 Estados Unidos Mexicanos,"Indicadores económicos de coyuntura > Formación bruta de capital fijo, base 2018 > Series Originales > Índice de volumen físico > Por tipo de bien y origen > Total (Índice base 2018=100) Mensual",98.2
2025 Mar,0 Estados Unidos Mexicanos,"Indicadores económicos de coyuntura > Formación bruta de capital fijo, base 2018 > Series Originales > Índice de volumen físico > Por tipo de bien y origen > Total (Índice base 2018=100) Mensual",105.6
2025 Abr,0 Estados Unidos Mexicanos,"Indicadores económicos de coyuntura > Formación bruta de capital fijo, base 2018 > Series Originales > Índice de volumen físico > Por tipo de bien y origen > Total (Índice base 2018=100) Mensual",99.9
2025 May,0 Estados Unidos Mexicanos,"Indicadores económicos de coyuntura > Formación bruta de capital fijo, base 2018 > Series Originales > Índice de volumen físico > Por tipo de bien y origen > Total (Índice base 2018=100) Mensual",107.6
2025 Jun,0 Estados Unidos Mexicanos,"Indicadores económicos de coyuntura > Formación bruta de capital fijo, base 2018 > Series Originales > Índice de volumen físico > Por tipo de bien y origen > Total (Índice base 2018=100) Mensual",98.5
2025 Jul,0 Estados Unidos Mexicanos,"Indicadores económicos de coyuntura > Formación bruta de capital fijo, base 2018 > Series Originales > Índice de volumen físico > Por tipo de bien y origen > Total (Índice base 2018=100) Mensual",106.4
2025 Ago,0 Estados Unidos Mexicanos,"Indicadores económicos de coyuntura > Formación bruta de capital fijo, base 2018 > Series Originales > Índice de volumen físico > Por tipo de bien y origen > Total (Índice base 2018=100) Mensual",101.8
2025 Sep,0 Estados Unidos Mexicanos,"Indicadores económicos de coyuntura > Formación bruta de capital fijo, base 2018 > Series Originales > Índice de volumen físico > Por tipo de bien y origen > Total (Índice base 2018=100) Mensual",99
2025 Oct,0 Estados Unidos Mexicanos,"Indicadores económicos de coyuntura > Formación bruta de capital fijo, base 2018 > Series Originales > Índice de volumen físico > Por tipo de bien y origen > Total (Índice base 2018=100) Mensual",107.5
"Notas y Llamadas:""Preliminar a partir de 2025/10""Revisada a partir de 2025/09""""Fuente:""INEGI Sistema de Cuentas Nacionales de México. Indicador Mensual de la Formación Bruta de Capital Fijo (IMFBCF)""",,,
